optimizer,seed,epoch,accuracy,loss,precision,recall,roc_auc,val_accuracy,val_loss,val_precision,val_recall,val_roc_auc
adam,42,1,0.7501014471054077,0.5272495746612549,0.5550724864006042,0.2928134500980377,0.7209792137145996,0.7888257503509521,0.45193997025489807,0.6313363909721375,0.4892857074737549,0.8134803771972656
adam,42,2,0.7829614877700806,0.4516863524913788,0.6234439611434937,0.4594801366329193,0.8115544319152832,0.7821969985961914,0.43820542097091675,0.6086956262588501,0.5,0.8267604112625122
adam,42,3,0.793306291103363,0.438546746969223,0.6461071968078613,0.48853209614753723,0.8243832588195801,0.7840909361839294,0.4336632490158081,0.6000000238418579,0.5571428537368774,0.8321797251701355
adam,42,4,0.7918863892555237,0.43306124210357666,0.6387795209884644,0.4961773753166199,0.8301973342895508,0.7897727489471436,0.42972487211227417,0.6115384697914124,0.5678571462631226,0.8356866836547852
adam,42,5,0.7979716062545776,0.43094968795776367,0.6441774368286133,0.5328746438026428,0.8329130411148071,0.7897727489471436,0.4274841547012329,0.6159999966621399,0.550000011920929,0.837338924407959
adam,42,6,0.800000011920929,0.4260440170764923,0.6513158082962036,0.5298165082931519,0.836556613445282,0.7945075631141663,0.4264833927154541,0.6254979968070984,0.5607143044471741,0.8383997678756714
adam,42,7,0.7959432005882263,0.4239025115966797,0.6438094973564148,0.5168195962905884,0.8380686640739441,0.7935606241226196,0.42510735988616943,0.6230158805847168,0.5607143044471741,0.8389335870742798
adam,42,8,0.7989857792854309,0.4247743785381317,0.6479925513267517,0.5305810570716858,0.8381652235984802,0.7964015007019043,0.42481735348701477,0.6217228174209595,0.5928571224212646,0.8396354913711548
adam,42,9,0.8032454252243042,0.4180157482624054,0.6567717790603638,0.5412843823432922,0.8438059687614441,0.8011363744735718,0.42374980449676514,0.6377952694892883,0.5785714387893677,0.8405467867851257
adam,42,10,0.795537531375885,0.4197985529899597,0.6436781883239746,0.5137614607810974,0.8419983386993408,0.8001893758773804,0.42292094230651855,0.6385542154312134,0.5678571462631226,0.8414764404296875
adam,42,11,0.8073022365570068,0.42091694474220276,0.6717850565910339,0.5351681709289551,0.8421028852462769,0.8001893758773804,0.42353391647338867,0.6282528042793274,0.6035714149475098,0.8416513204574585
adam,42,12,0.8024340867996216,0.4188409149646759,0.6566604375839233,0.5351681709289551,0.8434700965881348,0.8001893758773804,0.42153289914131165,0.6363636255264282,0.574999988079071,0.8423117399215698
adam,42,13,0.8044624924659729,0.4152020514011383,0.6647509336471558,0.5305810570716858,0.8469597101211548,0.8001893758773804,0.42144250869750977,0.6385542154312134,0.5678571462631226,0.8425004482269287
adam,42,14,0.8024340867996216,0.4142756760120392,0.6611968874931335,0.5237002968788147,0.8464670181274414,0.8001893758773804,0.42116689682006836,0.6374502182006836,0.5714285969734192,0.8432460427284241
adam,42,15,0.8075050711631775,0.41601407527923584,0.6727622747421265,0.5344036817550659,0.8463966846466064,0.8020833134651184,0.42066678404808044,0.6414342522621155,0.574999988079071,0.8429446220397949
adam,42,16,0.8085192441940308,0.4132031202316284,0.6739961504936218,0.53899085521698,0.8483691215515137,0.8020833134651184,0.4188821017742157,0.6437246799468994,0.5678571462631226,0.8448039293289185
adam,42,17,0.8093306422233582,0.4134241044521332,0.6749049425125122,0.5428134799003601,0.8485037684440613,0.8058711886405945,0.42073890566825867,0.6518218517303467,0.574999988079071,0.8430849313735962
adam,42,18,0.8101419806480408,0.41040846705436707,0.6830708384513855,0.5305810570716858,0.8504869937896729,0.8039772510528564,0.41916537284851074,0.6527196764945984,0.5571428537368774,0.8439962267875671
adam,42,19,0.8058823347091675,0.41331401467323303,0.6695652008056641,0.5298165082931519,0.8489396572113037,0.8058711886405945,0.41899338364601135,0.650602400302887,0.5785714387893677,0.844744086265564
adam,42,20,0.8091278076171875,0.4141068756580353,0.672950029373169,0.5458715558052063,0.8484399914741516,0.8001893758773804,0.41918304562568665,0.6455696225166321,0.5464285612106323,0.8437246680259705
adam,42,21,0.8052738308906555,0.4126110374927521,0.6695906519889832,0.5252293348312378,0.8502814769744873,0.8001893758773804,0.4201362431049347,0.6431535482406616,0.5535714030265808,0.8434094190597534
adam,42,22,0.8099391460418701,0.41339418292045593,0.6795740723609924,0.536697268486023,0.8485541939735413,0.7945075631141663,0.42002856731414795,0.6340425610542297,0.5321428775787354,0.8431838750839233
adam,42,23,0.8050709962844849,0.4101995825767517,0.666347086429596,0.531345546245575,0.8508505821228027,0.7973484992980957,0.4190397262573242,0.6460176706314087,0.5214285850524902,0.8440974950790405
adam,42,24,0.8117647171020508,0.40882229804992676,0.6782364249229431,0.5527523159980774,0.8523217439651489,0.8020833134651184,0.41947320103645325,0.6536796689033508,0.5392857193946838,0.8437960147857666
adam,42,25,0.8060851693153381,0.4093489646911621,0.6692307591438293,0.5321100950241089,0.8515163660049438,0.8001893758773804,0.4192282259464264,0.6480686664581299,0.5392857193946838,0.8441158533096313
adam,42,26,0.8111562132835388,0.4091537594795227,0.6810758709907532,0.5420489311218262,0.8522452116012573,0.8001893758773804,0.4198719561100006,0.649350643157959,0.5357142686843872,0.8436832427978516
adam,123,1,0.7186612486839294,0.5362252593040466,0.45496007800102234,0.30504587292671204,0.7099611759185791,0.7784090638160706,0.44896167516708374,0.6161616444587708,0.4357142746448517,0.8179813623428345
adam,123,2,0.7866125702857971,0.4483095407485962,0.6287726163864136,0.4778287410736084,0.8151642084121704,0.7869318127632141,0.43698805570602417,0.6095617413520813,0.5464285612106323,0.8280144929885864
adam,123,3,0.7912778854370117,0.44187867641448975,0.6309859156608582,0.5137614607810974,0.8222532272338867,0.7973484992980957,0.4327376186847687,0.6330645084381104,0.5607143044471741,0.8315399289131165
adam,123,4,0.7912778854370117,0.43427443504333496,0.6295264363288879,0.5183486342430115,0.8294745683670044,0.7926136255264282,0.43077176809310913,0.6309012770652771,0.5249999761581421,0.8338066339492798
adam,123,5,0.795537531375885,0.426604688167572,0.6391465663909912,0.5267584323883057,0.8365057706832886,0.7964015007019043,0.4278385043144226,0.6315789222717285,0.5571428537368774,0.8363678455352783
adam,123,6,0.797768771648407,0.42791518568992615,0.6441149115562439,0.531345546245575,0.8357927799224854,0.7945075631141663,0.42537933588027954,0.6317991614341736,0.5392857193946838,0.8390877842903137
adam,123,7,0.8016226887702942,0.4254022538661957,0.6539179086685181,0.535932719707489,0.8383449912071228,0.7973484992980957,0.4245591163635254,0.6386554837226868,0.5428571701049805,0.8394514322280884
adam,123,8,0.8006085157394409,0.42801615595817566,0.6534466743469238,0.5290519595146179,0.836268424987793,0.7954545617103577,0.42378556728363037,0.6355932354927063,0.5357142686843872,0.8399162292480469
adam,123,9,0.8024340867996216,0.4211603105068207,0.6557835936546326,0.5374617576599121,0.8417767286300659,0.7945075631141663,0.4223098158836365,0.6307054162025452,0.5428571701049805,0.8415731191635132
adam,123,10,0.8024340867996216,0.42341527342796326,0.6611968874931335,0.5237002968788147,0.83948814868927,0.7916666865348816,0.4236493408679962,0.6260504126548767,0.5321428775787354,0.8407907485961914
adam,123,11,0.8016226887702942,0.41863754391670227,0.655075192451477,0.5328746438026428,0.8438427448272705,0.7973484992980957,0.42286741733551025,0.6447368264198303,0.5249999761581421,0.8415271043777466
adam,123,12,0.8034482598304749,0.4197100102901459,0.6597549319267273,0.5351681709289551,0.8429782390594482,0.8001893758773804,0.42219799757003784,0.6519823670387268,0.5285714268684387,0.8416098952293396
adam,123,13,0.8004056811332703,0.4173760712146759,0.6537001729011536,0.5267584323883057,0.845039963722229,0.7982954382896423,0.4230256676673889,0.648888885974884,0.5214285850524902,0.8407009243965149
adam,123,14,0.8018255829811096,0.4190506339073181,0.6556914448738098,0.5328746438026428,0.8433454036712646,0.8030303120613098,0.42260831594467163,0.6607142686843872,0.5285714268684387,0.8409425616264343
adam,123,15,0.8056795001029968,0.4140532314777374,0.6663498282432556,0.535932719707489,0.8471627235412598,0.8011363744735718,0.4234166145324707,0.6576576828956604,0.5214285850524902,0.840919554233551
adam,123,16,0.8101419806480408,0.41223275661468506,0.6738317608833313,0.5512232184410095,0.8487082123756409,0.8039772510528564,0.42276936769485474,0.6651583909988403,0.5249999761581421,0.8414396047592163
adam,123,17,0.8038539290428162,0.41725271940231323,0.6669931411743164,0.5206422209739685,0.844963788986206,0.7992424368858337,0.42196741700172424,0.6440678238868713,0.5428571701049805,0.8420401811599731
adam,123,18,0.8077079057693481,0.4132348895072937,0.6744186282157898,0.5321100950241089,0.84804368019104,0.7982954382896423,0.4222439229488373,0.6437768340110779,0.5357142686843872,0.8418699502944946
adam,123,19,0.8052738308906555,0.41572147607803345,0.6641509532928467,0.538226306438446,0.8454678058624268,0.8039772510528564,0.42140522599220276,0.6593886613845825,0.5392857193946838,0.8421645164489746
adam,123,20,0.8093306422233582,0.40881744027137756,0.6762452125549316,0.5397553443908691,0.8516328930854797,0.8020833134651184,0.42219117283821106,0.651063859462738,0.5464285612106323,0.842056393623352
adam,123,21,0.8048681616783142,0.4121779799461365,0.6712871193885803,0.5183486342430115,0.8485844135284424,0.8039772510528564,0.420380562543869,0.6622222065925598,0.5321428775787354,0.8431838750839233
adam,123,22,0.8121703863143921,0.4096223711967468,0.6812143921852112,0.5489296913146973,0.8510839939117432,0.8087121248245239,0.4203437268733978,0.6822429895401001,0.5214285850524902,0.8430803418159485
adam,123,23,0.8109533190727234,0.4065737724304199,0.6804222464561462,0.5420489311218262,0.8541480302810669,0.8087121248245239,0.4198751747608185,0.6805555820465088,0.5249999761581421,0.8434485197067261
adam,123,24,0.8081135749816895,0.4112851619720459,0.6757281422615051,0.5321100950241089,0.8503449559211731,0.8039772510528564,0.4206181466579437,0.669767439365387,0.5142857432365417,0.8429538607597351
adam,123,25,0.8115618824958801,0.40776586532592773,0.6823869347572327,0.5420489311218262,0.8535493612289429,0.8058711886405945,0.42124372720718384,0.6696832776069641,0.5285714268684387,0.8426109552383423
adam,123,26,0.8131845593452454,0.40617090463638306,0.6848137378692627,0.5481651425361633,0.8543305397033691,0.8087121248245239,0.420773983001709,0.6822429895401001,0.5214285850524902,0.8431125283241272
adam,123,27,0.8089249730110168,0.4082840383052826,0.6742857098579407,0.5412843823432922,0.8525047302246094,0.8068181872367859,0.42195427417755127,0.6727272868156433,0.5285714268684387,0.8425096273422241
adam,123,28,0.8115618824958801,0.4093910753726959,0.6792809963226318,0.5489296913146973,0.8511981964111328,0.8077651262283325,0.42126959562301636,0.6774193644523621,0.5249999761581421,0.8430596590042114
adam,123,29,0.8099391460418701,0.4063304662704468,0.6785370707511902,0.53899085521698,0.8539777398109436,0.8030303120613098,0.4208260774612427,0.6651375889778137,0.5178571343421936,0.8433910608291626
adam,123,30,0.8111562132835388,0.4055059552192688,0.6814244389533997,0.5412843823432922,0.854468822479248,0.810606062412262,0.42143887281417847,0.692307710647583,0.5142857432365417,0.8431148529052734
adam,123,31,0.8131845593452454,0.40246546268463135,0.6858789920806885,0.5458715558052063,0.8567562103271484,0.8039772510528564,0.4216270446777344,0.669767439365387,0.5142857432365417,0.8426868915557861
adam,123,32,0.8089249730110168,0.41029050946235657,0.6787109375,0.531345546245575,0.8508050441741943,0.8068181872367859,0.4232519865036011,0.686274528503418,0.5,0.8418883681297302
adam,123,33,0.8164300322532654,0.40443703532218933,0.6946859955787659,0.5496941804885864,0.855036735534668,0.8068181872367859,0.4232707917690277,0.686274528503418,0.5,0.8417410850524902
adam,456,1,0.7415821552276611,0.5110219717025757,0.6634615659713745,0.0527522936463356,0.7390649318695068,0.7604166865348816,0.4611258804798126,0.5859872698783875,0.3285714387893677,0.8063581585884094
adam,456,2,0.7726166248321533,0.4575880169868469,0.6268656849861145,0.35321101546287537,0.8083534836769104,0.7803030014038086,0.4436454176902771,0.5882353186607361,0.5714285969734192,0.8242658972740173
adam,456,3,0.7880324721336365,0.4396153688430786,0.6340469121932983,0.47553515434265137,0.8260020017623901,0.7878788113594055,0.43565329909324646,0.5945945978164673,0.6285714507102966,0.8325731754302979
adam,456,4,0.7957403659820557,0.4305853247642517,0.6394810080528259,0.5275229215621948,0.8342778086662292,0.7907196879386902,0.43285465240478516,0.5967212915420532,0.6499999761581421,0.8364828824996948
adam,456,5,0.7953346967697144,0.4333687126636505,0.637534499168396,0.5298165082931519,0.8308395743370056,0.7888257503509521,0.43109896779060364,0.5953177213668823,0.6357142925262451,0.8377739191055298
adam,456,6,0.7991886138916016,0.42733433842658997,0.64402174949646,0.5435779690742493,0.8361878395080566,0.7945075631141663,0.4270607531070709,0.6075085401535034,0.6357142925262451,0.8396561741828918
adam,456,7,0.798377275466919,0.4239158630371094,0.6432482004165649,0.53899085521698,0.8392452001571655,0.7926136255264282,0.42539021372795105,0.6055363416671753,0.625,0.8412647247314453
adam,456,8,0.8004056811332703,0.425749272108078,0.6488970518112183,0.5397553443908691,0.8380096554756165,0.7916666865348816,0.4251742362976074,0.6056337952613831,0.6142857074737549,0.84187912940979
adam,456,9,0.7997971773147583,0.4205455482006073,0.6460418701171875,0.5428134799003601,0.8420585989952087,0.7888257503509521,0.4270091652870178,0.5959596037864685,0.6321428418159485,0.8414534330368042
adam,456,10,0.8042596578598022,0.4150901436805725,0.6607310175895691,0.53899085521698,0.8470664024353027,0.7916666865348816,0.42522913217544556,0.6071428656578064,0.6071428656578064,0.841451108455658
adam,456,11,0.8026369214057922,0.4212358891963959,0.6615236401557922,0.5244648456573486,0.841331422328949,0.7916666865348816,0.4253576099872589,0.6102941036224365,0.5928571224212646,0.8412578105926514
adam,456,12,0.8048681616783142,0.4197692573070526,0.6647619009017944,0.533639132976532,0.8424808979034424,0.7907196879386902,0.42304879426956177,0.6080586314201355,0.5928571224212646,0.8425971269607544
adam,456,13,0.8075050711631775,0.41431131958961487,0.6737657189369202,0.5321100950241089,0.8477470874786377,0.7926136255264282,0.4234544038772583,0.6093189716339111,0.6071428656578064,0.843637228012085
adam,456,14,0.8066937327384949,0.4136218726634979,0.6701821684837341,0.5344036817550659,0.8479557037353516,0.7935606241226196,0.4228668808937073,0.6115108132362366,0.6071428656578064,0.8435935378074646
adam,456,15,0.8048681616783142,0.4154060184955597,0.6676356792449951,0.5267584323883057,0.8460344076156616,0.7935606241226196,0.42410025000572205,0.6123188138008118,0.6035714149475098,0.8420149087905884
adam,456,16,0.8101419806480408,0.40948545932769775,0.6751412153244019,0.5481651425361633,0.8513220548629761,0.7954545617103577,0.4226936101913452,0.6176470518112183,0.6000000238418579,0.8431792855262756
adam,456,17,0.8054766654968262,0.4163922965526581,0.6709108948707581,0.5237002968788147,0.845986545085907,0.7916666865348816,0.423027366399765,0.6086956262588501,0.6000000238418579,0.8435727953910828
adam,456,18,0.8125760555267334,0.4110313355922699,0.6871345043182373,0.53899085521698,0.8502652645111084,0.7916666865348816,0.4214102327823639,0.6127819418907166,0.5821428298950195,0.8450663089752197
adam,456,19,0.8087221384048462,0.41160085797309875,0.6756496429443359,0.536697268486023,0.850162923336029,0.7945075631141663,0.42036694288253784,0.6153846383094788,0.6000000238418579,0.8457013368606567
adam,456,20,0.8111562132835388,0.4096861779689789,0.6807286739349365,0.5428134799003601,0.851649284362793,0.7916666865348816,0.42214593291282654,0.6094890236854553,0.5964285731315613,0.8449373841285706
adam,456,21,0.8109533190727234,0.4071683883666992,0.683953046798706,0.5344036817550659,0.8532294034957886,0.7888257503509521,0.4218122363090515,0.6036363840103149,0.5928571224212646,0.8457750678062439
adam,456,22,0.8048681616783142,0.40945902466773987,0.6706114411354065,0.5198776721954346,0.8517067432403564,0.7907196879386902,0.42222774028778076,0.607272744178772,0.5964285731315613,0.8451652526855469
adam,456,23,0.8081135749816895,0.40892207622528076,0.6757281422615051,0.5321100950241089,0.8521906137466431,0.7897727489471436,0.4234558343887329,0.6050724387168884,0.5964285731315613,0.8443827629089355
adam,456,24,0.8103448152542114,0.4050845205783844,0.679154634475708,0.5405198931694031,0.8544790744781494,0.7888257503509521,0.42360949516296387,0.6059479713439941,0.5821428298950195,0.843547523021698
adam,456,25,0.8117647171020508,0.405640184879303,0.686274528503418,0.5351681709289551,0.8547532558441162,0.7850378751754761,0.42420315742492676,0.5977859497070312,0.5785714387893677,0.8431378602981567
adam,456,26,0.8079107403755188,0.40728071331977844,0.6737247109413147,0.5351681709289551,0.8530935049057007,0.7907196879386902,0.4236878752708435,0.6088560819625854,0.5892857313156128,0.8435773849487305
adam,456,27,0.8125760555267334,0.4051085114479065,0.6916167736053467,0.5298165082931519,0.8560232520103455,0.7850378751754761,0.4231632947921753,0.5963636636734009,0.5857142806053162,0.8428249359130859
adam,456,28,0.8107504844665527,0.403748482465744,0.6804620027542114,0.5405198931694031,0.8560752868652344,0.7907196879386902,0.42315903306007385,0.6104868650436401,0.5821428298950195,0.8431148529052734
adam,456,29,0.8129817247390747,0.4057241678237915,0.6852207183837891,0.5458715558052063,0.8544352054595947,0.7878788113594055,0.42329761385917664,0.60447758436203,0.5785714387893677,0.8436211347579956
adam,789,1,0.7269777059555054,0.5384833812713623,0.43448275327682495,0.09633027762174606,0.6883171796798706,0.7897727489471436,0.45563071966171265,0.6705882549285889,0.40714284777641296,0.8168860673904419
adam,789,2,0.7817444205284119,0.4528352618217468,0.6236673593521118,0.447247713804245,0.8105295896530151,0.7935606241226196,0.43718576431274414,0.6192307472229004,0.574999988079071,0.8309370279312134
adam,789,3,0.7860040664672852,0.4481630027294159,0.6224588751792908,0.4915902018547058,0.8160102367401123,0.7992424368858337,0.43335461616516113,0.6268656849861145,0.6000000238418579,0.8343842029571533
adam,789,4,0.7912778854370117,0.4369104504585266,0.6283348798751831,0.5221712589263916,0.8274886608123779,0.7945075631141663,0.42976129055023193,0.6153846383094788,0.6000000238418579,0.8369683623313904
adam,789,5,0.7929006218910217,0.43249431252479553,0.6303360462188721,0.5305810570716858,0.8307881355285645,0.7964015007019043,0.428422749042511,0.616487443447113,0.6142857074737549,0.8383468389511108
adam,789,6,0.8016226887702942,0.43294674158096313,0.6489169597625732,0.5496941804885864,0.8308997750282288,0.8030303120613098,0.4285208284854889,0.6333333253860474,0.6107142567634583,0.8380637764930725
adam,789,7,0.793306291103363,0.4303191006183624,0.6314831376075745,0.5305810570716858,0.8326624631881714,0.8039772510528564,0.42724984884262085,0.6336996555328369,0.6178571581840515,0.8394237756729126
adam,789,8,0.8016226887702942,0.4255518615245819,0.6539179086685181,0.535932719707489,0.8368766903877258,0.8030303120613098,0.4253838360309601,0.6353383660316467,0.6035714149475098,0.8403603434562683
adam,789,9,0.798377275466919,0.42030733823776245,0.6443014740943909,0.535932719707489,0.8419488072395325,0.8020833134651184,0.4236941337585449,0.6360152959823608,0.5928571224212646,0.8411864638328552
adam,789,10,0.7985801100730896,0.4229201376438141,0.6454293727874756,0.5344036817550659,0.8397558331489563,0.7992424368858337,0.4237026274204254,0.6307692527770996,0.5857142806053162,0.8412716388702393
adam,789,11,0.8004056811332703,0.4211435317993164,0.6470054388046265,0.5451070070266724,0.8413461446762085,0.7982954382896423,0.42321595549583435,0.6303501725196838,0.5785714387893677,0.8414487838745117
adam,789,12,0.7997971773147583,0.4191448390483856,0.6521326899528503,0.5259938836097717,0.8434427380561829,0.7973484992980957,0.4215010702610016,0.62890625,0.574999988079071,0.8420977592468262
adam,789,13,0.8018255829811096,0.4175248444080353,0.6528162360191345,0.5405198931694031,0.8447514772415161,0.8030303120613098,0.4199675917625427,0.6451612710952759,0.5714285969734192,0.8438420295715332
adam,789,14,0.8024340867996216,0.4182133376598358,0.6578450202941895,0.5321100950241089,0.8436864614486694,0.7964015007019043,0.42097634077072144,0.6274510025978088,0.5714285969734192,0.8432667851448059
adam,789,15,0.7965517044067383,0.4172295331954956,0.6400367021560669,0.5328746438026428,0.8440788984298706,0.8001893758773804,0.4201902449131012,0.6374502182006836,0.5714285969734192,0.8440307378768921
adam,789,16,0.8012170195579529,0.41551363468170166,0.6567877531051636,0.5252293348312378,0.8464732766151428,0.8011363744735718,0.4193600118160248,0.6434426307678223,0.5607143044471741,0.8442631959915161
adam,789,17,0.7991886138916016,0.41615477204322815,0.6505681872367859,0.5252293348312378,0.8446564078330994,0.8030303120613098,0.41876867413520813,0.6499999761581421,0.5571428537368774,0.8443368077278137
adam,789,18,0.8016226887702942,0.4134018123149872,0.65625,0.5298165082931519,0.8479658961296082,0.7982954382896423,0.41985151171684265,0.6313725709915161,0.574999988079071,0.8443000316619873
adam,789,19,0.8081135749816895,0.41025370359420776,0.6717267632484436,0.5412843823432922,0.8507417440414429,0.8001893758773804,0.41786497831344604,0.6374502182006836,0.5714285969734192,0.8454068899154663
adam,789,20,0.8050709962844849,0.4115055203437805,0.664767324924469,0.5351681709289551,0.8499566316604614,0.7982954382896423,0.418529212474823,0.6334661245346069,0.5678571462631226,0.8455103635787964
adam,789,21,0.8085192441940308,0.41247615218162537,0.6743295192718506,0.538226306438446,0.8487128019332886,0.7935606241226196,0.41887035965919495,0.6220472455024719,0.5642856955528259,0.844507098197937
adam,789,22,0.8064908981323242,0.4112047851085663,0.670192301273346,0.5328746438026428,0.8500133752822876,0.8011363744735718,0.41804635524749756,0.64462810754776,0.5571428537368774,0.8450870513916016
adam,789,23,0.8075050711631775,0.410678505897522,0.670465350151062,0.5397553443908691,0.8497772216796875,0.8020833134651184,0.4181435704231262,0.6485355496406555,0.5535714030265808,0.8447303175926208
adam,789,24,0.8052738308906555,0.4099658727645874,0.6709233522415161,0.5221712589263916,0.8515893220901489,0.7982954382896423,0.41821175813674927,0.6324110627174377,0.5714285969734192,0.8455034494400024
adam,789,25,0.8087221384048462,0.4084926247596741,0.6726584434509277,0.5435779690742493,0.8520547151565552,0.7992424368858337,0.41784244775772095,0.6370967626571655,0.5642856955528259,0.8454988598823547
adam,789,26,0.8109533190727234,0.4032961428165436,0.6793892979621887,0.5443425178527832,0.8562202453613281,0.8001893758773804,0.41875672340393066,0.6396760940551758,0.5642856955528259,0.8449971675872803
adam,789,27,0.8144016265869141,0.4023953080177307,0.6852026581764221,0.5558103919029236,0.8569773435592651,0.8011363744735718,0.41836613416671753,0.6458333134651184,0.5535714030265808,0.8448338508605957
adam,789,28,0.8144016265869141,0.40348783135414124,0.6902226805686951,0.5451070070266724,0.8567202091217041,0.8001893758773804,0.4182857275009155,0.6480686664581299,0.5392857193946838,0.8449374437332153
adam,789,29,0.8091278076171875,0.4050043523311615,0.6755980849266052,0.5397553443908691,0.8554900884628296,0.8039772510528564,0.41702842712402344,0.6553191542625427,0.550000011920929,0.846405565738678
adam,789,30,0.8091278076171875,0.40343478322029114,0.6772946715354919,0.535932719707489,0.8566567897796631,0.7992424368858337,0.41667500138282776,0.6404958963394165,0.5535714030265808,0.8460304737091064
adam,789,31,0.8089249730110168,0.40392622351646423,0.6756237745285034,0.538226306438446,0.8563475608825684,0.7916666865348816,0.41841521859169006,0.6200000047683716,0.5535714030265808,0.844681978225708
adam,789,32,0.8119675517082214,0.40327030420303345,0.6788732409477234,0.5527523159980774,0.8564907908439636,0.7992424368858337,0.41727450489997864,0.6349206566810608,0.5714285969734192,0.8464147448539734
adam,789,33,0.8162271976470947,0.39941275119781494,0.691428542137146,0.5550458431243896,0.8593354225158691,0.7973484992980957,0.41854026913642883,0.6299212574958801,0.5714285969734192,0.84562087059021
adam,789,34,0.8144016265869141,0.4038635194301605,0.686255931854248,0.5535168051719666,0.8561404347419739,0.7935606241226196,0.41887301206588745,0.6192307472229004,0.574999988079071,0.8449051380157471
adam,789,35,0.8129817247390747,0.40144503116607666,0.6824196577072144,0.5519877672195435,0.8582584857940674,0.7973484992980957,0.41925308108329773,0.6309523582458496,0.5678571462631226,0.8445094227790833
adam,789,36,0.8139959573745728,0.3999300003051758,0.685308039188385,0.5527523159980774,0.8594260215759277,0.7964015007019043,0.4184305965900421,0.6326530575752258,0.5535714030265808,0.8440790772438049
adam,789,37,0.8101419806480408,0.39874207973480225,0.6764705777168274,0.5451070070266724,0.8600362539291382,0.7954545617103577,0.41829729080200195,0.6269841194152832,0.5642856955528259,0.8446566462516785
adam,789,38,0.8117647171020508,0.3993425965309143,0.6812977194786072,0.5458715558052063,0.8596729636192322,0.7907196879386902,0.41984808444976807,0.6175298690795898,0.5535714030265808,0.8437683582305908
adam,789,39,0.8158215284347534,0.3990391492843628,0.6879699230194092,0.5596330165863037,0.860086977481842,0.7926136255264282,0.4198927879333496,0.6265560388565063,0.5392857193946838,0.8433703184127808
adam,789,40,0.8113590478897095,0.39995259046554565,0.6766355037689209,0.5535168051719666,0.8594231605529785,0.7926136255264282,0.4194718897342682,0.6224899888038635,0.5535714030265808,0.8438627123832703
adam,2026,1,0.7574036717414856,0.5096866488456726,0.591803252696991,0.27599388360977173,0.7353534698486328,0.7935606241226196,0.4390350878238678,0.6183205842971802,0.5785714387893677,0.8290500640869141
adam,2026,2,0.7896551489830017,0.44760367274284363,0.6427818536758423,0.466360867023468,0.8150379657745361,0.7964015007019043,0.43011489510536194,0.6274510025978088,0.5714285969734192,0.8350170850753784
adam,2026,3,0.7896551489830017,0.4353439509868622,0.6324535608291626,0.4946483075618744,0.8275312185287476,0.7935606241226196,0.42802876234054565,0.6192307472229004,0.574999988079071,0.8384826183319092
adam,2026,4,0.8008113503456116,0.42779678106307983,0.6549429893493652,0.5267584323883057,0.834646999835968,0.7964015007019043,0.4256362020969391,0.6235741376876831,0.5857142806053162,0.8394145965576172
adam,2026,5,0.7981744408607483,0.42788758873939514,0.6538839936256409,0.5084097981452942,0.834510326385498,0.7973484992980957,0.42350518703460693,0.6299212574958801,0.5714285969734192,0.8408390283584595
adam,2026,6,0.7985801100730896,0.4237324893474579,0.6521739363670349,0.5160550475120544,0.8390990495681763,0.7916666865348816,0.42276743054389954,0.6181102395057678,0.5607143044471741,0.8406134843826294
adam,2026,7,0.7985801100730896,0.4220220744609833,0.6527643203735352,0.5145260095596313,0.8399688005447388,0.7954545617103577,0.42232954502105713,0.6212121248245239,0.5857142806053162,0.8417940139770508
adam,2026,8,0.8050709962844849,0.4164959192276001,0.6686102747917175,0.5259938836097717,0.845055103302002,0.7954545617103577,0.4217316508293152,0.6212121248245239,0.5857142806053162,0.842880129814148
adam,2026,9,0.8036510944366455,0.42164546251296997,0.6650485396385193,0.5237002968788147,0.8404263257980347,0.8011363744735718,0.4204592704772949,0.63671875,0.5821428298950195,0.843041181564331
adam,2026,10,0.800000011920929,0.4220036566257477,0.6600397825241089,0.5076452493667603,0.8409672975540161,0.7973484992980957,0.41847002506256104,0.6299212574958801,0.5714285969734192,0.8452250361442566
adam,2026,11,0.8046653270721436,0.4181177020072937,0.6679649353027344,0.5244648456573486,0.8433635234832764,0.7973484992980957,0.4176068603992462,0.62890625,0.574999988079071,0.8460512161254883
adam,2026,12,0.8052738308906555,0.41523000597953796,0.6695906519889832,0.5252293348312378,0.8462130427360535,0.8011363744735718,0.41619062423706055,0.6458333134651184,0.5535714030265808,0.8465896844863892
adam,2026,13,0.8014198541641235,0.42254993319511414,0.6666666865348816,0.5030580759048462,0.8390007019042969,0.8030303120613098,0.4176141023635864,0.6499999761581421,0.5571428537368774,0.8458349108695984
adam,2026,14,0.8060851693153381,0.41495218873023987,0.6712062358856201,0.5275229215621948,0.8475034236907959,0.8001893758773804,0.41766247153282166,0.6385542154312134,0.5678571462631226,0.8459821343421936
adam,2026,15,0.8032454252243042,0.4139096736907959,0.6634429693222046,0.5244648456573486,0.8478943109512329,0.8049242496490479,0.4167816638946533,0.6480000019073486,0.5785714387893677,0.846776008605957
adam,2026,16,0.7995943427085876,0.4138283133506775,0.6559454202651978,0.5145260095596313,0.8471142053604126,0.8068181872367859,0.4157508611679077,0.6623931527137756,0.5535714030265808,0.8469969630241394
adam,2026,17,0.8091278076171875,0.413331001996994,0.6786757707595825,0.5328746438026428,0.848212480545044,0.8011363744735718,0.4161117672920227,0.642276406288147,0.5642856955528259,0.8465919494628906
adam,2026,18,0.8089249730110168,0.41398411989212036,0.6815476417541504,0.5252293348312378,0.8487954139709473,0.8030303120613098,0.41655826568603516,0.6463414430618286,0.5678571462631226,0.8473076224327087
adam,2026,19,0.8101419806480408,0.41177940368652344,0.6827111840248108,0.531345546245575,0.848799467086792,0.8049242496490479,0.41598817706108093,0.6516393423080444,0.5678571462631226,0.8472224473953247
adam,2026,20,0.8062880039215088,0.41361820697784424,0.676323652267456,0.5175840854644775,0.8482928276062012,0.8058711886405945,0.41631650924682617,0.6569037437438965,0.5607143044471741,0.8467944860458374
adam,2026,21,0.8097363114356995,0.40945449471473694,0.6876267790794373,0.5183486342430115,0.8519659638404846,0.8077651262283325,0.41545721888542175,0.6584362387657166,0.5714285969734192,0.8476712107658386
adam,2026,22,0.8079107403755188,0.40814751386642456,0.6810431480407715,0.5191131234169006,0.8521413803100586,0.8030303120613098,0.41568702459335327,0.6475409865379333,0.5642856955528259,0.8479726910591125
adam,2026,23,0.8089249730110168,0.40870603919029236,0.6801180839538574,0.5282874703407288,0.8519582748413086,0.8058711886405945,0.4170549511909485,0.6556016802787781,0.5642856955528259,0.8468335866928101
adam,2026,24,0.8070994019508362,0.41250815987586975,0.6772592067718506,0.5214067101478577,0.8496565818786621,0.8068181872367859,0.41710543632507324,0.6623931527137756,0.5535714030265808,0.8461776971817017
adam,2026,25,0.8048681616783142,0.4103645384311676,0.6729999780654907,0.5145260095596313,0.8500303030014038,0.8039772510528564,0.4167347550392151,0.6553191542625427,0.550000011920929,0.8461339473724365
adam,2026,26,0.8038539290428162,0.4125819206237793,0.6703296899795532,0.5129969716072083,0.848615825176239,0.7982954382896423,0.4174756109714508,0.636734664440155,0.5571428537368774,0.8461777567863464
adam,2026,27,0.812778890132904,0.4067324995994568,0.6911618709564209,0.5321100950241089,0.8531844615936279,0.8020833134651184,0.4160997271537781,0.6460905075073242,0.5607143044471741,0.8466955423355103
adam,2026,28,0.8093306422233582,0.40661296248435974,0.6836327314376831,0.5237002968788147,0.8539422750473022,0.7973484992980957,0.41648536920547485,0.637499988079071,0.5464285612106323,0.8465090990066528
adam,2026,29,0.8139959573745728,0.40924498438835144,0.6926108598709106,0.5374617576599121,0.8524101376533508,0.8011363744735718,0.4162648916244507,0.6470588445663452,0.550000011920929,0.8469256162643433
adam,2026,30,0.8079107403755188,0.4089129567146301,0.6803196668624878,0.5206422209739685,0.8522985577583313,0.7964015007019043,0.4179362654685974,0.634854793548584,0.5464285612106323,0.8453147411346436
adam,2026,31,0.8111562132835388,0.4072016477584839,0.6842619776725769,0.5351681709289551,0.854032576084137,0.7897727489471436,0.41861996054649353,0.6178861856460571,0.5428571701049805,0.845093846321106
rmsprop,42,1,0.7578093409538269,0.5168359279632568,0.5868902206420898,0.2943425178527832,0.7355283498764038,0.7869318127632141,0.45167213678359985,0.6354680061340332,0.46071428060531616,0.813901424407959
rmsprop,42,2,0.7835699915885925,0.45189616084098816,0.6259143352508545,0.45795106887817383,0.8113802671432495,0.779356062412262,0.4389343857765198,0.6044444441795349,0.48571428656578064,0.8261736035346985
rmsprop,42,3,0.7892494797706604,0.4381406009197235,0.6357215046882629,0.4816513657569885,0.8246092200279236,0.7840909361839294,0.43364959955215454,0.6039999723434448,0.5392857193946838,0.8310428857803345
rmsprop,42,4,0.7914807200431824,0.4330357015132904,0.6375245451927185,0.4961773753166199,0.8300864100456238,0.7859848737716675,0.431007981300354,0.6038461327552795,0.5607143044471741,0.833716869354248
rmsprop,42,5,0.797768771648407,0.42997705936431885,0.6446511745452881,0.5298165082931519,0.8335144519805908,0.7916666865348816,0.42959484457969666,0.6171875,0.5642856955528259,0.8347386121749878
rmsprop,42,6,0.798377275466919,0.4266372323036194,0.6475563645362854,0.5267584323883057,0.8356001377105713,0.7964015007019043,0.42748433351516724,0.6284584999084473,0.5678571462631226,0.8366991877555847
rmsprop,42,7,0.796146035194397,0.4238385260105133,0.6441484093666077,0.5175840854644775,0.8380267024040222,0.7954545617103577,0.4268209934234619,0.6269841194152832,0.5642856955528259,0.8370742797851562
rmsprop,42,8,0.7985801100730896,0.42542141675949097,0.6490066051483154,0.5244648456573486,0.8372857570648193,0.7945075631141663,0.4266121983528137,0.6216216087341309,0.574999988079071,0.8378037810325623
rmsprop,42,9,0.8024340867996216,0.41857796907424927,0.6554934978485107,0.538226306438446,0.8430511951446533,0.7964015007019043,0.42605337500572205,0.6254826188087463,0.5785714387893677,0.8379579186439514
rmsprop,42,10,0.7963488698005676,0.4193287193775177,0.644486665725708,0.5183486342430115,0.8425654768943787,0.8001893758773804,0.4242848753929138,0.640816330909729,0.5607143044471741,0.8394582867622375
rmsprop,42,11,0.8066937327384949,0.4219973683357239,0.6679280996322632,0.5397553443908691,0.841067910194397,0.7954545617103577,0.42530956864356995,0.6221374273300171,0.5821428298950195,0.8395342230796814
rmsprop,42,12,0.8024340867996216,0.4196625351905823,0.6578450202941895,0.5321100950241089,0.842607855796814,0.7982954382896423,0.42356041073799133,0.636734664440155,0.5571428537368774,0.8402453064918518
rmsprop,42,13,0.8068965673446655,0.41624847054481506,0.6721469759941101,0.531345546245575,0.8456335067749023,0.7964015007019043,0.42328593134880066,0.6305220723152161,0.5607143044471741,0.840477705001831
rmsprop,42,14,0.8004056811332703,0.4159987270832062,0.658203125,0.5152904987335205,0.8449393510818481,0.8011363744735718,0.42344823479652405,0.6434426307678223,0.5607143044471741,0.8405122756958008
rmsprop,42,15,0.8054766654968262,0.41773274540901184,0.6705767512321472,0.5244648456573486,0.8446311950683594,0.8001893758773804,0.4233320653438568,0.640816330909729,0.5607143044471741,0.8405720591545105
rmsprop,42,16,0.8054766654968262,0.41444340348243713,0.6669856309890747,0.5328746438026428,0.8472093343734741,0.8011363744735718,0.42230460047721863,0.6470588445663452,0.550000011920929,0.8415662050247192
rmsprop,42,17,0.8081135749816895,0.4149421155452728,0.6757281422615051,0.5321100950241089,0.8471691608428955,0.7982954382896423,0.4230078458786011,0.6462882161140442,0.5285714268684387,0.8405030369758606
rmsprop,42,18,0.8081135749816895,0.41210663318634033,0.6785010099411011,0.5259938836097717,0.8484811782836914,0.7982954382896423,0.4220828413963318,0.6475771069526672,0.5249999761581421,0.840896487236023
rmsprop,42,19,0.8068965673446655,0.4150189161300659,0.6751968264579773,0.5244648456573486,0.847338080406189,0.7982954382896423,0.42122170329093933,0.6450216174125671,0.5321428775787354,0.8423738479614258
rmsprop,42,20,0.8066937327384949,0.4154406189918518,0.6735092997550964,0.5267584323883057,0.8467996120452881,0.7964015007019043,0.4210300147533417,0.644444465637207,0.5178571343421936,0.8417825102806091
rmsprop,42,21,0.8081135749816895,0.4135923981666565,0.6781495809555054,0.5267584323883057,0.8493631482124329,0.7954545617103577,0.42060616612434387,0.640350878238678,0.5214285850524902,0.842557966709137
rmsprop,42,22,0.8081135749816895,0.4144229590892792,0.6764132380485535,0.5305810570716858,0.8475015163421631,0.7964015007019043,0.4213271737098694,0.6484017968177795,0.5071428418159485,0.8420332670211792
rmsprop,42,23,0.8048681616783142,0.4107542335987091,0.6699410676956177,0.5214067101478577,0.8503147959709167,0.7964015007019043,0.42062315344810486,0.6497696042060852,0.5035714507102966,0.8424820303916931
rmsprop,42,24,0.8131845593452454,0.41152143478393555,0.6891495585441589,0.53899085521698,0.8496783971786499,0.7926136255264282,0.42077895998954773,0.6309012770652771,0.5249999761581421,0.8430527448654175
rmsprop,42,25,0.8093306422233582,0.410080224275589,0.6782945990562439,0.5351681709289551,0.8506577014923096,0.7935606241226196,0.42084792256355286,0.6396396160125732,0.5071428418159485,0.8425580263137817
rmsprop,42,26,0.8085192441940308,0.41115644574165344,0.6787819266319275,0.5282874703407288,0.8503416180610657,0.7935606241226196,0.42103204131126404,0.6383928656578064,0.5107142925262451,0.8426247835159302
rmsprop,42,27,0.8095334768295288,0.4120818078517914,0.6779170632362366,0.5374617576599121,0.8496330380439758,0.7954545617103577,0.4206518232822418,0.646789014339447,0.5035714507102966,0.842636227607727
rmsprop,42,28,0.8093306422233582,0.41406551003456116,0.6786407828330994,0.5344036817550659,0.8476467132568359,0.7935606241226196,0.4209354519844055,0.6371681690216064,0.5142857432365417,0.8428617119789124
rmsprop,42,29,0.8135902881622314,0.4075000584125519,0.6916255950927734,0.536697268486023,0.8529936075210571,0.7935606241226196,0.421194851398468,0.642201840877533,0.5,0.8422266244888306
rmsprop,42,30,0.8121703863143921,0.40585795044898987,0.6887351870536804,0.5328746438026428,0.8546762466430664,0.7982954382896423,0.42159727215766907,0.651583731174469,0.5142857432365417,0.8416651487350464
rmsprop,42,31,0.8109533190727234,0.40852442383766174,0.6887550354003906,0.5244648456573486,0.8527528643608093,0.7935606241226196,0.42243146896362305,0.6371681690216064,0.5142857432365417,0.8414258360862732
rmsprop,123,1,0.7338742613792419,0.5209030508995056,0.49753087759017944,0.3081039786338806,0.7346856594085693,0.779356062412262,0.44836512207984924,0.6093023419380188,0.46785715222358704,0.8181102871894836
rmsprop,123,2,0.7870182394981384,0.44879400730133057,0.628742516040802,0.4816513657569885,0.81461501121521,0.7907196879386902,0.43850260972976685,0.6104868650436401,0.5821428298950195,0.8273104429244995
rmsprop,123,3,0.7918863892555237,0.44248467683792114,0.6332703232765198,0.5122324228286743,0.821736752986908,0.7888257503509521,0.43527430295944214,0.6059479713439941,0.5821428298950195,0.8304859399795532
rmsprop,123,4,0.7910750508308411,0.43489864468574524,0.6287037134170532,0.5191131234169006,0.8288695812225342,0.7982954382896423,0.43231430649757385,0.6324110627174377,0.5714285969734192,0.8327480554580688
rmsprop,123,5,0.7931034564971924,0.42799556255340576,0.6333333253860474,0.5229358077049255,0.8355199694633484,0.8001893758773804,0.4308162331581116,0.6282528042793274,0.6035714149475098,0.834768533706665
rmsprop,123,6,0.793914794921875,0.4288089871406555,0.6344382762908936,0.5267584323883057,0.8345440030097961,0.8011363744735718,0.4287564158439636,0.6346153616905212,0.5892857313156128,0.8364253044128418
rmsprop,123,7,0.7997971773147583,0.42661911249160767,0.6479262709617615,0.5374617576599121,0.8371437788009644,0.7945075631141663,0.42762085795402527,0.6254979968070984,0.5607143044471741,0.8369615077972412
rmsprop,123,8,0.799391508102417,0.4274149537086487,0.6486486196517944,0.5321100950241089,0.8366222381591797,0.7926136255264282,0.42683932185173035,0.6244897842407227,0.5464285612106323,0.8373918533325195
rmsprop,123,9,0.8022312521934509,0.4226036071777344,0.6554622054100037,0.536697268486023,0.8405855894088745,0.7926136255264282,0.4268254041671753,0.6150943636894226,0.5821428298950195,0.8381627202033997
rmsprop,123,10,0.8008113503456116,0.4244457185268402,0.6534839868545532,0.5305810570716858,0.8387046456336975,0.7973484992980957,0.4275970458984375,0.6299212574958801,0.5714285969734192,0.8372100591659546
rmsprop,123,11,0.7985801100730896,0.41996169090270996,0.6467847228050232,0.5305810570716858,0.8426847457885742,0.7935606241226196,0.4272322356700897,0.6230158805847168,0.5607143044471741,0.8377346992492676
rmsprop,123,12,0.8030425906181335,0.4205922484397888,0.6541628837585449,0.5466361045837402,0.8422470688819885,0.7992424368858337,0.42587485909461975,0.6428571343421936,0.5464285612106323,0.8386644124984741
rmsprop,123,13,0.8014198541641235,0.41803601384162903,0.6550424098968506,0.531345546245575,0.8444925546646118,0.7945075631141663,0.42591527104377747,0.6307054162025452,0.5428571701049805,0.8380500078201294
rmsprop,123,14,0.8050709962844849,0.4184556007385254,0.6607970595359802,0.5451070070266724,0.8434950709342957,0.7982954382896423,0.4252912998199463,0.6378600597381592,0.5535714030265808,0.8391131162643433
rmsprop,123,15,0.8081135749816895,0.41330376267433167,0.6697936058044434,0.5458715558052063,0.8476297855377197,0.8001893758773804,0.4249187409877777,0.640816330909729,0.5607143044471741,0.8395595550537109
rmsprop,123,16,0.8123732209205627,0.4132993221282959,0.6764976978302002,0.5611620545387268,0.8478934168815613,0.7945075631141663,0.42430591583251953,0.6340425610542297,0.5321428775787354,0.8401302099227905
rmsprop,123,17,0.8060851693153381,0.4186207056045532,0.6702127456665039,0.5298165082931519,0.8438649773597717,0.8011363744735718,0.42391446232795715,0.64462810754776,0.5571428537368774,0.8402982354164124
rmsprop,123,18,0.8066937327384949,0.4146025478839874,0.6695320010185242,0.535932719707489,0.8471168279647827,0.7992424368858337,0.42472895979881287,0.6393442749977112,0.5571428537368774,0.8396630883216858
rmsprop,123,19,0.8050709962844849,0.41548970341682434,0.6635249853134155,0.538226306438446,0.8457909822463989,0.8049242496490479,0.4244788885116577,0.6608695387840271,0.5428571701049805,0.8395664691925049
rmsprop,123,20,0.8111562132835388,0.40945857763290405,0.6773282885551453,0.5504587292671204,0.8510348200798035,0.8011363744735718,0.4245426058769226,0.6411290168762207,0.5678571462631226,0.8407998085021973
rmsprop,123,21,0.8109533190727234,0.41210660338401794,0.6790476441383362,0.5451070070266724,0.8486344814300537,0.8020833134651184,0.42317837476730347,0.6485355496406555,0.5535714030265808,0.8412830829620361
rmsprop,123,22,0.8125760555267334,0.41263359785079956,0.6781076192855835,0.5588685274124146,0.8483672142028809,0.8001893758773804,0.4235658049583435,0.6480686664581299,0.5392857193946838,0.8405674695968628
rmsprop,123,23,0.8089249730110168,0.40905827283859253,0.6742857098579407,0.5412843823432922,0.8518720865249634,0.7982954382896423,0.42377954721450806,0.6450216174125671,0.5321428775787354,0.8405398726463318
rmsprop,123,24,0.8075050711631775,0.4119575321674347,0.6734299659729004,0.5328746438026428,0.8497577905654907,0.7973484992980957,0.4227847158908844,0.6460176706314087,0.5214285850524902,0.8416168689727783
rmsprop,123,25,0.8160243630409241,0.4100341498851776,0.6911343932151794,0.5542813539505005,0.8515948057174683,0.7964015007019043,0.4225788116455078,0.6419214010238647,0.5249999761581421,0.8415523767471313
rmsprop,123,26,0.8137931227684021,0.4081250727176666,0.6867815852165222,0.5481651425361633,0.8525440692901611,0.8087121248245239,0.4221639931201935,0.6695652008056641,0.550000011920929,0.842523455619812
rmsprop,123,27,0.8097363114356995,0.40992918610572815,0.674199640750885,0.5474005937576294,0.8514534831047058,0.8020833134651184,0.42283207178115845,0.6460905075073242,0.5607143044471741,0.8422818779945374
rmsprop,123,28,0.8129817247390747,0.4106668531894684,0.6813910007476807,0.5542813539505005,0.8500422835350037,0.8020833134651184,0.4224521815776825,0.6606335043907166,0.5214285850524902,0.8415547013282776
rmsprop,123,29,0.8111562132835388,0.4084479510784149,0.6828321814537048,0.538226306438446,0.851737380027771,0.8020833134651184,0.42227524518966675,0.6536796689033508,0.5392857193946838,0.8423669338226318
rmsprop,123,30,0.8131845593452454,0.40725091099739075,0.6858789920806885,0.5458715558052063,0.8528941869735718,0.8049242496490479,0.42340144515037537,0.6651785969734192,0.5321428775787354,0.8411957025527954
rmsprop,123,31,0.81947261095047,0.40427112579345703,0.7025193572044373,0.5542813539505005,0.854902982711792,0.8049242496490479,0.4234538674354553,0.6567796468734741,0.5535714030265808,0.8413981199264526
rmsprop,123,32,0.8160243630409241,0.4098266065120697,0.6900473833084106,0.5565749406814575,0.8509355783462524,0.8049242496490479,0.4243149161338806,0.6637167930603027,0.5357142686843872,0.8404662609100342
rmsprop,123,33,0.816632866859436,0.40485745668411255,0.6916508674621582,0.5573394298553467,0.8550475835800171,0.8001893758773804,0.42516085505485535,0.6561086177825928,0.5178571343421936,0.8404247760772705
rmsprop,123,34,0.818255603313446,0.4049905836582184,0.6984585523605347,0.5542813539505005,0.8552360534667969,0.8030303120613098,0.42495056986808777,0.656521737575531,0.5392857193946838,0.840947151184082
rmsprop,123,35,0.8144016265869141,0.4074733257293701,0.6855524182319641,0.5550458431243896,0.8526462316513062,0.8030303120613098,0.42514488101005554,0.6551724076271057,0.5428571701049805,0.8401395082473755
rmsprop,123,36,0.818255603313446,0.40533313155174255,0.6988416910171509,0.5535168051719666,0.8552388548851013,0.7954545617103577,0.4260978102684021,0.6344537734985352,0.5392857193946838,0.8392443060874939
rmsprop,456,1,0.7438133955001831,0.5027878284454346,0.6717557311058044,0.06727828830480576,0.7521448135375977,0.7765151262283325,0.4565826654434204,0.6195651888847351,0.40714284777641296,0.8099226355552673
rmsprop,456,2,0.7736308574676514,0.45682504773139954,0.6315068602561951,0.3524464964866638,0.809857189655304,0.7784090638160706,0.44199156761169434,0.5839415788650513,0.5714285969734192,0.8260010480880737
rmsprop,456,3,0.7890466451644897,0.439066618680954,0.6334661245346069,0.4862385392189026,0.8274964094161987,0.7878788113594055,0.4356006681919098,0.5921052694320679,0.6428571343421936,0.8330840468406677
rmsprop,456,4,0.7963488698005676,0.4308412969112396,0.6371841430664062,0.5397553443908691,0.8348281979560852,0.7926136255264282,0.43212050199508667,0.6000000238418579,0.6535714268684387,0.836314857006073
rmsprop,456,5,0.7943204641342163,0.4354744255542755,0.6338797807693481,0.5321100950241089,0.8299145698547363,0.7945075631141663,0.43047305941581726,0.6032786965370178,0.6571428775787354,0.8382087349891663
rmsprop,456,6,0.7963488698005676,0.42843544483184814,0.6319444179534912,0.5565749406814575,0.8357787132263184,0.7907196879386902,0.4280439615249634,0.5967212915420532,0.6499999761581421,0.8399001359939575
rmsprop,456,7,0.7967545390129089,0.42553630471229553,0.6342105269432068,0.5527523159980774,0.838355541229248,0.7907196879386902,0.42601463198661804,0.602787435054779,0.6178571581840515,0.8404386043548584
rmsprop,456,8,0.7991886138916016,0.427217960357666,0.6432432532310486,0.5458715558052063,0.8374499082565308,0.7916666865348816,0.4264601469039917,0.6020408272743225,0.6321428418159485,0.8406825065612793
rmsprop,456,9,0.8004056811332703,0.42325901985168457,0.6436170339584351,0.5550458431243896,0.8408162593841553,0.7907196879386902,0.42794081568717957,0.5960912108421326,0.6535714268684387,0.8409356474876404
rmsprop,456,10,0.8040568232536316,0.41725659370422363,0.6510600447654724,0.5634556412696838,0.8456829786300659,0.7869318127632141,0.42626291513442993,0.5932203531265259,0.625,0.8416627645492554
rmsprop,456,11,0.8008113503456116,0.4231320917606354,0.6495412588119507,0.5412843823432922,0.8403289914131165,0.7869318127632141,0.42640361189842224,0.5978647470474243,0.6000000238418579,0.8408666253089905
rmsprop,456,12,0.8016226887702942,0.42087605595588684,0.6524953842163086,0.5397553443908691,0.8424121141433716,0.7916666865348816,0.42499303817749023,0.6086956262588501,0.6000000238418579,0.8417364358901978
rmsprop,456,13,0.8052738308906555,0.4171798825263977,0.6614100337028503,0.5451070070266724,0.8455290794372559,0.7907196879386902,0.4253709614276886,0.6020761132240295,0.6214285492897034,0.842208206653595
rmsprop,456,14,0.8032454252243042,0.41711097955703735,0.6559040546417236,0.5435779690742493,0.8450477719306946,0.7897727489471436,0.42587772011756897,0.6021126508712769,0.6107142567634583,0.8417801856994629
rmsprop,456,15,0.8032454252243042,0.41831907629966736,0.6564815044403076,0.5420489311218262,0.8443249464035034,0.7907196879386902,0.4259410798549652,0.6057347655296326,0.6035714149475098,0.8407630920410156
rmsprop,456,16,0.8062880039215088,0.4131771922111511,0.6647992730140686,0.5443425178527832,0.8487057685852051,0.7897727489471436,0.4242832660675049,0.6074073910713196,0.5857142806053162,0.8419919013977051
rmsprop,456,17,0.8044624924659729,0.42010098695755005,0.6644359230995178,0.531345546245575,0.8436271548271179,0.7869318127632141,0.42550092935562134,0.5985662937164307,0.5964285731315613,0.8415569067001343
rmsprop,456,18,0.8095334768295288,0.41395270824432373,0.6722689270973206,0.5504587292671204,0.8486382961273193,0.7897727489471436,0.42372867465019226,0.6066176295280457,0.5892857313156128,0.8424636721611023
rmsprop,456,19,0.8050709962844849,0.41524145007133484,0.6657115817070007,0.5328746438026428,0.8469622731208801,0.7935606241226196,0.4232141971588135,0.614814817905426,0.5928571224212646,0.8437522649765015
rmsprop,456,20,0.8109533190727234,0.41339483857154846,0.6773585081100464,0.5489296913146973,0.848656177520752,0.7935606241226196,0.42569002509117126,0.6115108132362366,0.6071428656578064,0.8424451947212219
rmsprop,456,21,0.8103448152542114,0.4115613102912903,0.6761095523834229,0.5474005937576294,0.8503850698471069,0.7926136255264282,0.42392805218696594,0.6117216348648071,0.5964285731315613,0.8430919051170349
rmsprop,456,22,0.8052738308906555,0.414510041475296,0.6644612550735474,0.5374617576599121,0.8478816151618958,0.7897727489471436,0.4248660206794739,0.6058394312858582,0.5928571224212646,0.842790424823761
rmsprop,456,23,0.8066937327384949,0.41387200355529785,0.6682464480400085,0.53899085521698,0.8486672639846802,0.7916666865348816,0.42577388882637024,0.6111111044883728,0.5892857313156128,0.8414879441261292
rmsprop,456,24,0.8066937327384949,0.40987932682037354,0.6651162505149841,0.5466361045837402,0.8509161472320557,0.7897727489471436,0.42733025550842285,0.6066176295280457,0.5892857313156128,0.840723991394043
rmsprop,456,25,0.8085192441940308,0.4102790951728821,0.6763566136360168,0.533639132976532,0.8516786098480225,0.7926136255264282,0.42657122015953064,0.6150943636894226,0.5821428298950195,0.8407124280929565
rmsprop,456,26,0.8073022365570068,0.4105958640575409,0.6731141209602356,0.5321100950241089,0.8510274291038513,0.7916666865348816,0.42502275109291077,0.614503800868988,0.574999988079071,0.8417410850524902
rmsprop,456,27,0.8117647171020508,0.4074007272720337,0.6888667941093445,0.5298165082931519,0.85397869348526,0.7859848737716675,0.42555955052375793,0.6000000238418579,0.5785714387893677,0.8420770168304443
rmsprop,456,28,0.8095334768295288,0.40921661257743835,0.678260862827301,0.536697268486023,0.8523503541946411,0.7907196879386902,0.42538025975227356,0.6080586314201355,0.5928571224212646,0.8428986072540283
rmsprop,456,29,0.8123732209205627,0.411546528339386,0.6798121929168701,0.5535168051719666,0.8500076532363892,0.7935606241226196,0.4259340465068817,0.6156716346740723,0.5892857313156128,0.8420793414115906
rmsprop,789,1,0.7411764860153198,0.5257281064987183,0.5547945499420166,0.12385321408510208,0.7143052816390991,0.7897727489471436,0.45267194509506226,0.6435643434524536,0.4642857015132904,0.8173922896385193
rmsprop,789,2,0.7882353067398071,0.4513574242591858,0.6363636255264282,0.4709480106830597,0.8118345737457275,0.7982954382896423,0.43857336044311523,0.6264150738716125,0.5928571224212646,0.8296046853065491
rmsprop,789,3,0.7858012318611145,0.4468667805194855,0.6173184514045715,0.5068807601928711,0.8172218799591064,0.7926136255264282,0.43527814745903015,0.6062718033790588,0.6214285492897034,0.833380937576294
rmsprop,789,4,0.7914807200431824,0.43619272112846375,0.6258992552757263,0.5321100950241089,0.8279286623001099,0.7926136255264282,0.43136298656463623,0.608540952205658,0.6107142567634583,0.8357924818992615
rmsprop,789,5,0.7937119603157043,0.43274950981140137,0.6309630870819092,0.535932719707489,0.8305623531341553,0.7964015007019043,0.42922142148017883,0.616487443447113,0.6142857074737549,0.8372422456741333
rmsprop,789,6,0.8012170195579529,0.43307802081108093,0.6464285850524902,0.5535168051719666,0.8310574889183044,0.7973484992980957,0.4304393529891968,0.6145833134651184,0.6321428418159485,0.8366624116897583
rmsprop,789,7,0.7929006218910217,0.4301411211490631,0.6296296119689941,0.5328746438026428,0.8330796957015991,0.7982954382896423,0.4286293685436249,0.6192170977592468,0.6214285492897034,0.838096022605896
rmsprop,789,8,0.800000011920929,0.4249824583530426,0.6485239863395691,0.5374617576599121,0.8374500274658203,0.8020833134651184,0.42643818259239197,0.6319702863693237,0.6071428656578064,0.8389451503753662
rmsprop,789,9,0.7995943427085876,0.4200645089149475,0.6481481194496155,0.5351681709289551,0.8418856859207153,0.7973484992980957,0.4258632957935333,0.6279069781303406,0.5785714387893677,0.8385723829269409
rmsprop,789,10,0.7995943427085876,0.42383477091789246,0.6486988663673401,0.533639132976532,0.8385362029075623,0.7935606241226196,0.4261002540588379,0.61654132604599,0.5857142806053162,0.839083194732666
rmsprop,789,11,0.8018255829811096,0.42190009355545044,0.6536675691604614,0.538226306438446,0.8408122062683105,0.7888257503509521,0.42664363980293274,0.6091954112052917,0.5678571462631226,0.8383468389511108
rmsprop,789,12,0.8014198541641235,0.41945064067840576,0.6565176248550415,0.5275229215621948,0.8432433605194092,0.7926136255264282,0.4256521761417389,0.6177605986595154,0.5714285969734192,0.8391292691230774
rmsprop,789,13,0.8032454252243042,0.4191252291202545,0.6550458669662476,0.5458715558052063,0.8434639573097229,0.7992424368858337,0.4239164888858795,0.6370967626571655,0.5642856955528259,0.8397988677024841
rmsprop,789,14,0.8040568232536316,0.41907045245170593,0.6616256833076477,0.5351681709289551,0.8427236676216125,0.7964015007019043,0.4245119094848633,0.6274510025978088,0.5714285969734192,0.8398172855377197
rmsprop,789,15,0.8008113503456116,0.41800054907798767,0.6514869928359985,0.535932719707489,0.8438317775726318,0.7935606241226196,0.42442142963409424,0.62109375,0.5678571462631226,0.8403396606445312
rmsprop,789,16,0.8038539290428162,0.41662082076072693,0.6637848019599915,0.5282874703407288,0.8452041745185852,0.8001893758773804,0.4229910373687744,0.6396760940551758,0.5642856955528259,0.8409954905509949
rmsprop,789,17,0.8052738308906555,0.41785886883735657,0.6663479804992676,0.5328746438026428,0.8436810374259949,0.8011363744735718,0.4228382110595703,0.64462810754776,0.5571428537368774,0.8410184383392334
rmsprop,789,18,0.8032454252243042,0.4160591661930084,0.6615678668022156,0.5290519595146179,0.8455943465232849,0.7945075631141663,0.42398926615715027,0.6254979968070984,0.5607143044471741,0.840717077255249
rmsprop,789,19,0.8068965673446655,0.4127277433872223,0.6731517314910889,0.5290519595146179,0.84857177734375,0.7964015007019043,0.4236977696418762,0.6274510025978088,0.5714285969734192,0.8409587144851685
rmsprop,789,20,0.8087221384048462,0.41465917229652405,0.6739752292633057,0.5405198931694031,0.8471545577049255,0.7945075631141663,0.42306768894195557,0.6265060305595398,0.5571428537368774,0.8414534330368042
rmsprop,789,21,0.8058823347091675,0.41716501116752625,0.6669838428497314,0.535932719707489,0.8451628088951111,0.7973484992980957,0.4230063855648041,0.6330645084381104,0.5607143044471741,0.8414396047592163
rmsprop,789,22,0.8091278076171875,0.41453927755355835,0.6790243983268738,0.5321100950241089,0.8470864295959473,0.7954545617103577,0.423495888710022,0.6269841194152832,0.5642856955528259,0.8415800333023071
rmsprop,789,23,0.8052738308906555,0.41515299677848816,0.6689320206642151,0.5267584323883057,0.8456733226776123,0.7945075631141663,0.4232991635799408,0.6275303363800049,0.5535714030265808,0.8413682579994202
rmsprop,789,24,0.8056795001029968,0.41415640711784363,0.6729248762130737,0.5206422209739685,0.8483691811561584,0.7964015007019043,0.4225340485572815,0.6315789222717285,0.5571428537368774,0.8422127962112427
rmsprop,789,25,0.8095334768295288,0.41227835416793823,0.6786059737205505,0.535932719707489,0.8496849536895752,0.7964015007019043,0.42224714159965515,0.6326530575752258,0.5535714030265808,0.8422174453735352
rmsprop,789,26,0.8091278076171875,0.4084875285625458,0.6762728095054626,0.538226306438446,0.851812481880188,0.7964015007019043,0.4238387942314148,0.6284584999084473,0.5678571462631226,0.8405674695968628
rmsprop,789,27,0.8152129650115967,0.40662720799446106,0.6881516575813293,0.5550458431243896,0.8533197045326233,0.7973484992980957,0.42341405153274536,0.6341463327407837,0.5571428537368774,0.8413844108581543
rmsprop,789,28,0.8129817247390747,0.40790799260139465,0.6841602921485901,0.5481651425361633,0.8530870676040649,0.8001893758773804,0.42330774664878845,0.6431535482406616,0.5535714030265808,0.8411611318588257
rmsprop,789,29,0.8087221384048462,0.41105642914772034,0.6787463426589966,0.5298165082931519,0.8508320450782776,0.7982954382896423,0.4224003553390503,0.6378600597381592,0.5535714030265808,0.8417825102806091
rmsprop,789,30,0.8089249730110168,0.4095834493637085,0.676300585269928,0.536697268486023,0.8521929979324341,0.7973484992980957,0.42171862721443176,0.6309523582458496,0.5678571462631226,0.8430366516113281
rmsprop,789,31,0.8089249730110168,0.4089702367782593,0.677669882774353,0.533639132976532,0.8522757291793823,0.7935606241226196,0.42287930846214294,0.62109375,0.5678571462631226,0.8422772884368896
rmsprop,789,32,0.8125760555267334,0.41077837347984314,0.6871345043182373,0.53899085521698,0.8508321046829224,0.8011363744735718,0.42325931787490845,0.63671875,0.5821428298950195,0.8427881002426147
rmsprop,789,33,0.8097363114356995,0.40631407499313354,0.6778846383094788,0.53899085521698,0.8536536693572998,0.7973484992980957,0.4230586588382721,0.6279069781303406,0.5785714387893677,0.8424728512763977
rmsprop,789,34,0.817241370677948,0.41001415252685547,0.6925260424613953,0.5596330165863037,0.8512393236160278,0.7982954382896423,0.42317643761634827,0.6313725709915161,0.574999988079071,0.8418101072311401
rmsprop,789,35,0.8095334768295288,0.4077190160751343,0.6793003082275391,0.5344036817550659,0.8532476425170898,0.8001893758773804,0.4232371747493744,0.6342412233352661,0.5821428298950195,0.8423416614532471
rmsprop,789,36,0.812778890132904,0.40890100598335266,0.6885406374931335,0.5374617576599121,0.8524092435836792,0.8020833134651184,0.42125532031059265,0.6485355496406555,0.5535714030265808,0.843050479888916
rmsprop,789,37,0.8083164095878601,0.40756919980049133,0.6781157851219177,0.5282874703407288,0.8530371189117432,0.8001893758773804,0.421541303396225,0.6352941393852234,0.5785714387893677,0.8435705304145813
rmsprop,789,38,0.8148072957992554,0.4074169099330902,0.6961271166801453,0.535932719707489,0.8530337810516357,0.8011363744735718,0.42288637161254883,0.6377952694892883,0.5785714387893677,0.8423278331756592
rmsprop,789,39,0.8113590478897095,0.40562742948532104,0.6831395626068115,0.53899085521698,0.854920506477356,0.7945075631141663,0.4231368601322174,0.6296296119689941,0.5464285612106323,0.841416597366333
rmsprop,789,40,0.8109533190727234,0.4070715010166168,0.6807692050933838,0.5412843823432922,0.8537218570709229,0.7973484992980957,0.42187461256980896,0.6363636255264282,0.550000011920929,0.8425626158714294
rmsprop,789,41,0.8113590478897095,0.4062003493309021,0.6863905191421509,0.5321100950241089,0.8551172614097595,0.7982954382896423,0.4220811724662781,0.6356275081634521,0.5607143044471741,0.8434600234031677
rmsprop,789,42,0.8137931227684021,0.40597042441368103,0.6900584697723389,0.5412843823432922,0.8545911312103271,0.8001893758773804,0.4233432114124298,0.6419752836227417,0.5571428537368774,0.8420678377151489
rmsprop,789,43,0.8162271976470947,0.4020872712135315,0.6910646557807922,0.5558103919029236,0.8575459122657776,0.7945075631141663,0.423735648393631,0.6285714507102966,0.550000011920929,0.8423324823379517
rmsprop,789,44,0.8079107403755188,0.4058961570262909,0.6737247109413147,0.5351681709289551,0.8550183773040771,0.7982954382896423,0.425312876701355,0.6324110627174377,0.5714285969734192,0.8413797616958618
rmsprop,789,45,0.8141987919807434,0.4075677692890167,0.6899224519729614,0.5443425178527832,0.853521466255188,0.8001893758773804,0.4247949719429016,0.6419752836227417,0.5571428537368774,0.8416720628738403
rmsprop,789,46,0.8101419806480408,0.404214471578598,0.6795367002487183,0.538226306438446,0.8568874597549438,0.7945075631141663,0.4259756803512573,0.6340425610542297,0.5321428775787354,0.840022087097168
rmsprop,2026,1,0.7582150101661682,0.5028431415557861,0.594462513923645,0.2790519893169403,0.7459954023361206,0.7982954382896423,0.43751704692840576,0.6462882161140442,0.5285714268684387,0.8282055258750916
rmsprop,2026,2,0.7898579835891724,0.4473138153553009,0.6462365388870239,0.4594801366329193,0.8152875900268555,0.7964015007019043,0.4285176396369934,0.6359832882881165,0.5428571701049805,0.8354312777519226
rmsprop,2026,3,0.7884381413459778,0.4361877739429474,0.632103681564331,0.4847094714641571,0.8266620635986328,0.7973484992980957,0.4265291094779968,0.6320000290870667,0.5642856955528259,0.8379510641098022
rmsprop,2026,4,0.7969574332237244,0.42819100618362427,0.6463298201560974,0.5183486342430115,0.8339740633964539,0.7964015007019043,0.4248397946357727,0.6305220723152161,0.5607143044471741,0.8392534852027893
rmsprop,2026,5,0.8004056811332703,0.4275699555873871,0.658203125,0.5152904987335205,0.8348283767700195,0.7964015007019043,0.42344918847084045,0.629482090473175,0.5642856955528259,0.8405582904815674
rmsprop,2026,6,0.795537531375885,0.42357274889945984,0.6436781883239746,0.5137614607810974,0.8393007516860962,0.7888257503509521,0.4231465458869934,0.6182572841644287,0.5321428775787354,0.8403281569480896
rmsprop,2026,7,0.7995943427085876,0.42184439301490784,0.6571709513664246,0.5114678740501404,0.840092658996582,0.7945075631141663,0.42228806018829346,0.6275303363800049,0.5535714030265808,0.8409587144851685
rmsprop,2026,8,0.8073022365570068,0.416496217250824,0.6724470257759094,0.533639132976532,0.8451520204544067,0.7945075631141663,0.4217308461666107,0.6245059370994568,0.5642856955528259,0.8417779207229614
rmsprop,2026,9,0.8006085157394409,0.42146992683410645,0.6588465571403503,0.5152904987335205,0.8406424522399902,0.7982954382896423,0.4208524823188782,0.6356275081634521,0.5607143044471741,0.8420977592468262
rmsprop,2026,10,0.8004056811332703,0.4210427403450012,0.6591355800628662,0.5129969716072083,0.8415981531143188,0.8001893758773804,0.41932931542396545,0.6396760940551758,0.5642856955528259,0.8433610200881958
rmsprop,2026,11,0.8034482598304749,0.4187156856060028,0.6640852093696594,0.5244648456573486,0.8429199457168579,0.8011363744735718,0.4181264340877533,0.64462810754776,0.5571428537368774,0.844394326210022
rmsprop,2026,12,0.8056795001029968,0.415658563375473,0.6736111044883728,0.5191131234169006,0.8454000949859619,0.8030303120613098,0.41731250286102295,0.6578947305679321,0.5357142686843872,0.8447188138961792
rmsprop,2026,13,0.8014198541641235,0.42140552401542664,0.670113742351532,0.4954128563404083,0.8405179381370544,0.8030303120613098,0.4183040261268616,0.6578947305679321,0.5357142686843872,0.8440238237380981
rmsprop,2026,14,0.8070994019508362,0.4154432415962219,0.6755162477493286,0.5252293348312378,0.8465263843536377,0.8011363744735718,0.41849321126937866,0.6458333134651184,0.5535714030265808,0.8438857793807983
rmsprop,2026,15,0.8036510944366455,0.4154142439365387,0.6656920313835144,0.5221712589263916,0.8466233015060425,0.8039772510528564,0.4176923632621765,0.6566523313522339,0.5464285612106323,0.844976544380188
rmsprop,2026,16,0.8016226887702942,0.4154043197631836,0.6617646813392639,0.5160550475120544,0.845695436000824,0.8039772510528564,0.4167848527431488,0.6622222065925598,0.5321428775787354,0.8451284170150757
rmsprop,2026,17,0.8077079057693481,0.4136258661746979,0.6775147914886475,0.5252293348312378,0.8478257656097412,0.8001893758773804,0.4175789952278137,0.6455696225166321,0.5464285612106323,0.8454160690307617
rmsprop,2026,18,0.8099391460418701,0.41465890407562256,0.6849451661109924,0.5252293348312378,0.8476020097732544,0.8049242496490479,0.4180307388305664,0.6581196784973145,0.550000011920929,0.8449534773826599
rmsprop,2026,19,0.8073022365570068,0.41236168146133423,0.6775793433189392,0.5221712589263916,0.8479987382888794,0.8039772510528564,0.41807517409324646,0.6580086350440979,0.5428571701049805,0.8451928496360779
rmsprop,2026,20,0.8060851693153381,0.41325873136520386,0.6763526797294617,0.5160550475120544,0.8483659029006958,0.8020833134651184,0.4190187156200409,0.6536796689033508,0.5392857193946838,0.8441158533096313
rmsprop,2026,21,0.8068965673446655,0.4113881289958954,0.681262731552124,0.5114678740501404,0.8501449227333069,0.8030303120613098,0.41906148195266724,0.6487603187561035,0.5607143044471741,0.84456467628479
rmsprop,2026,22,0.8099391460418701,0.409380167722702,0.6842105388641357,0.5267584323883057,0.8508387804031372,0.8077651262283325,0.41860151290893555,0.6666666865348816,0.550000011920929,0.8444058895111084
rmsprop,2026,23,0.8095334768295288,0.4105851352214813,0.6814159154891968,0.5298165082931519,0.849804162979126,0.8058711886405945,0.4195527136325836,0.663755476474762,0.5428571701049805,0.843390941619873
rmsprop,2026,24,0.8062880039215088,0.4153255522251129,0.676323652267456,0.5175840854644775,0.8473108410835266,0.8077651262283325,0.41998735070228577,0.6666666865348816,0.550000011920929,0.8433104753494263
rmsprop,2026,25,0.8073022365570068,0.41231420636177063,0.680443525314331,0.5160550475120544,0.8480420112609863,0.8058711886405945,0.41992586851119995,0.6666666865348816,0.5357142686843872,0.8430941104888916
rmsprop,2026,26,0.8030425906181335,0.413362056016922,0.6693467497825623,0.5091742873191833,0.8477426767349243,0.8030303120613098,0.420436829328537,0.656521737575531,0.5392857193946838,0.843112587928772
sgd,42,1,0.7089249491691589,0.6115366816520691,0.41806450486183167,0.24770642817020416,0.60106360912323,0.7386363744735718,0.555937647819519,0.5588235259056091,0.06785714626312256,0.6997997760772705
sgd,42,2,0.7525355219841003,0.5382937788963318,0.6317365169525146,0.1613149791955948,0.7019705772399902,0.7566288113594055,0.5067022442817688,0.6769230961799622,0.15714286267757416,0.7742336988449097
sgd,42,3,0.7616632580757141,0.5018650889396667,0.6405919790267944,0.23165138065814972,0.756727933883667,0.7736742496490479,0.47772929072380066,0.6453900933265686,0.32499998807907104,0.7954436540603638
sgd,42,4,0.7675456404685974,0.48462963104248047,0.6285714507102966,0.302752286195755,0.7785228490829468,0.783143937587738,0.46415483951568604,0.637837827205658,0.4214285612106323,0.8058633804321289
sgd,42,5,0.7746450304985046,0.47227153182029724,0.6301189064979553,0.36467888951301575,0.7896404266357422,0.783143937587738,0.45626282691955566,0.6321243643760681,0.4357142746448517,0.8118579983711243
sgd,42,6,0.7799188494682312,0.46352890133857727,0.6351515054702759,0.40061160922050476,0.7979713678359985,0.7897727489471436,0.45190516114234924,0.6355140209197998,0.48571428656578064,0.81535804271698
sgd,42,7,0.7778904438018799,0.4623071253299713,0.6281588673591614,0.39908257126808167,0.8006576299667358,0.7878788113594055,0.44866639375686646,0.6261261105537415,0.49642857909202576,0.8181470632553101
sgd,42,8,0.7787018418312073,0.45988255739212036,0.6260162591934204,0.41207951307296753,0.8026167750358582,0.7907196879386902,0.4468933045864105,0.6266094446182251,0.5214285850524902,0.8199787735939026
sgd,42,9,0.7904665470123291,0.44764217734336853,0.6499454975128174,0.4556574821472168,0.8148850202560425,0.7897727489471436,0.44425368309020996,0.625,0.5178571343421936,0.8219118118286133
sgd,42,10,0.7787018418312073,0.4510984420776367,0.619889497756958,0.4288990795612335,0.8131060004234314,0.7897727489471436,0.4419330954551697,0.6271929740905762,0.5107142925262451,0.8234536051750183
sgd,42,11,0.7914807200431824,0.44981613755226135,0.6495726704597473,0.46483179926872253,0.8120504021644592,0.7859848737716675,0.44120630621910095,0.6097561120986938,0.5357142686843872,0.8252117037773132
sgd,42,12,0.7833671569824219,0.4494488835334778,0.6247401237487793,0.4594801366329193,0.8144552111625671,0.7869318127632141,0.4396591782569885,0.6141079068183899,0.5285714268684387,0.8265601992607117
sgd,42,13,0.7910750508308411,0.44446879625320435,0.6415478587150574,0.4816513657569885,0.8175063729286194,0.7888257503509521,0.43876898288726807,0.6153846383094788,0.5428571701049805,0.8273172378540039
sgd,42,14,0.7914807200431824,0.4426057040691376,0.6428571343421936,0.4816513657569885,0.8196137547492981,0.7916666865348816,0.4376528561115265,0.6200000047683716,0.5535714030265808,0.8281295299530029
sgd,42,15,0.791683554649353,0.4419085383415222,0.6443987488746643,0.4793578088283539,0.8214586973190308,0.7897727489471436,0.43662384152412415,0.61328125,0.5607143044471741,0.829119086265564
sgd,42,16,0.7862069010734558,0.4372974634170532,0.6282828450202942,0.47553515434265137,0.824980616569519,0.7888257503509521,0.4358663856983185,0.6100386381149292,0.5642856955528259,0.8301200866699219
sgd,42,17,0.794523298740387,0.4393957257270813,0.6458951830863953,0.49923548102378845,0.8238129615783691,0.7878788113594055,0.4353677034378052,0.6085271239280701,0.5607143044471741,0.8304721713066101
sgd,42,18,0.7963488698005676,0.43630555272102356,0.6547861695289612,0.4915902018547058,0.8261969089508057,0.7897727489471436,0.4341166913509369,0.6159999966621399,0.550000011920929,0.831068217754364
sgd,42,19,0.794523298740387,0.4369344115257263,0.6458951830863953,0.49923548102378845,0.8267130851745605,0.7878788113594055,0.4338218569755554,0.609375,0.5571428537368774,0.8316918611526489
sgd,42,20,0.7924949526786804,0.43685483932495117,0.6376811861991882,0.5045871734619141,0.8269561529159546,0.7907196879386902,0.43288454413414,0.6175298690795898,0.5535714030265808,0.8322579860687256
sgd,42,21,0.7868154048919678,0.440432071685791,0.6309887766838074,0.4732415974140167,0.823367178440094,0.7869318127632141,0.43322885036468506,0.6070038676261902,0.5571428537368774,0.8324028849601746
sgd,42,22,0.7924949526786804,0.4371280372142792,0.6390243768692017,0.5007645487785339,0.8258800506591797,0.7888257503509521,0.43215885758399963,0.6126482486724854,0.5535714030265808,0.8330357074737549
sgd,42,23,0.7918863892555237,0.4325878322124481,0.6363636255264282,0.5030580759048462,0.8306089639663696,0.7916666865348816,0.4312724173069,0.6200000047683716,0.5535714030265808,0.8334545493125916
sgd,42,24,0.7888438105583191,0.4357094168663025,0.6317867636680603,0.48929664492607117,0.8274798393249512,0.7916666865348816,0.43172788619995117,0.614503800868988,0.574999988079071,0.8338664174079895
sgd,42,25,0.7979716062545776,0.4310712218284607,0.6482889652252197,0.5214067101478577,0.8316705226898193,0.7916666865348816,0.430678129196167,0.6171875,0.5642856955528259,0.8342438340187073
sgd,42,26,0.7959432005882263,0.43013709783554077,0.6457529067993164,0.5114678740501404,0.83322674036026,0.7935606241226196,0.430398553609848,0.6192307472229004,0.574999988079071,0.8344256281852722
sgd,42,27,0.7924949526786804,0.4321504831314087,0.6379477381706238,0.5038226246833801,0.8307682275772095,0.7954545617103577,0.4296291768550873,0.6240310072898865,0.574999988079071,0.8350216150283813
sgd,42,28,0.7967545390129089,0.43231961131095886,0.6465517282485962,0.5160550475120544,0.8309828639030457,0.7935606241226196,0.4299437403678894,0.61654132604599,0.5857142806053162,0.8355348110198975
sgd,42,29,0.7957403659820557,0.4301134943962097,0.6468292474746704,0.5068807601928711,0.8323900699615479,0.7954545617103577,0.42936480045318604,0.6240310072898865,0.574999988079071,0.8354519605636597
sgd,42,30,0.7963488698005676,0.42456093430519104,0.6458733081817627,0.5145260095596313,0.8380067348480225,0.7935606241226196,0.42922452092170715,0.6192307472229004,0.574999988079071,0.8355002403259277
sgd,42,31,0.7973631024360657,0.426388680934906,0.6534259915351868,0.5030580759048462,0.8364260196685791,0.7916666865348816,0.4292140603065491,0.6136363744735718,0.5785714387893677,0.8356314301490784
sgd,42,32,0.7947261929512024,0.42792895436286926,0.6431334614753723,0.5084097981452942,0.8348934650421143,0.7888257503509521,0.42893463373184204,0.608364999294281,0.5714285969734192,0.836229681968689
sgd,42,33,0.7967545390129089,0.42813417315483093,0.6468330025672913,0.5152904987335205,0.8348585367202759,0.7926136255264282,0.42871397733688354,0.6142321825027466,0.5857142806053162,0.8365496397018433
sgd,42,34,0.7979716062545776,0.4289884567260742,0.6499999761581421,0.5168195962905884,0.8333225250244141,0.7935606241226196,0.4281683564186096,0.61654132604599,0.5857142806053162,0.836841881275177
sgd,42,35,0.798377275466919,0.42350059747695923,0.6509615182876587,0.5175840854644775,0.839388370513916,0.7945075631141663,0.42819374799728394,0.61623615026474,0.5964285731315613,0.8369592428207397
sgd,42,36,0.794929027557373,0.4287196397781372,0.6396989822387695,0.5198776721954346,0.8340235948562622,0.7926136255264282,0.42763200402259827,0.6159695982933044,0.5785714387893677,0.8372353315353394
sgd,42,37,0.7890466451644897,0.43107083439826965,0.6247672438621521,0.5129969716072083,0.8323652148246765,0.7926136255264282,0.4275924265384674,0.6150943636894226,0.5821428298950195,0.8373665809631348
sgd,42,38,0.8002028465270996,0.4213368892669678,0.6516432166099548,0.5305810570716858,0.8415438532829285,0.7954545617103577,0.4271813929080963,0.6194030046463013,0.5928571224212646,0.8377692699432373
sgd,42,39,0.8002028465270996,0.4238278865814209,0.6522148847579956,0.5290519595146179,0.8380997180938721,0.7945075631141663,0.4267433285713196,0.6188679337501526,0.5857142806053162,0.8380982875823975
sgd,42,40,0.796146035194397,0.4266234040260315,0.6449760794639587,0.5152904987335205,0.835898756980896,0.7945075631141663,0.4263056516647339,0.6197718381881714,0.5821428298950195,0.8381650447845459
sgd,42,41,0.7947261929512024,0.4290020763874054,0.6385768055915833,0.5214067101478577,0.8336867690086365,0.7935606241226196,0.4258330166339874,0.6201550364494324,0.5714285969734192,0.8382961750030518
sgd,42,42,0.797160267829895,0.425977885723114,0.6495145559310913,0.5114678740501404,0.8375048041343689,0.7945075631141663,0.42611390352249146,0.6197718381881714,0.5821428298950195,0.8385701179504395
sgd,42,43,0.7967545390129089,0.4259797930717468,0.645714282989502,0.5183486342430115,0.8364002704620361,0.7954545617103577,0.42610201239585876,0.6212121248245239,0.5857142806053162,0.8385792970657349
sgd,42,44,0.7937119603157043,0.42448803782463074,0.6408519148826599,0.5061162114143372,0.837956428527832,0.7954545617103577,0.425942599773407,0.6203007698059082,0.5892857313156128,0.839055597782135
sgd,42,45,0.8052738308906555,0.42086100578308105,0.6653992533683777,0.5351681709289551,0.842060387134552,0.7945075631141663,0.4257673919200897,0.6197718381881714,0.5821428298950195,0.8390118479728699
sgd,42,46,0.8016226887702942,0.41991961002349854,0.6568440794944763,0.5282874703407288,0.8419676423072815,0.7945075631141663,0.42540696263313293,0.6197718381881714,0.5821428298950195,0.8390257358551025
sgd,42,47,0.7981744408607483,0.42295438051223755,0.6458527445793152,0.5298165082931519,0.8396649360656738,0.7964015007019043,0.4255457818508148,0.6208178400993347,0.5964285731315613,0.8393685817718506
sgd,42,48,0.8046653270721436,0.42405712604522705,0.6613657474517822,0.5405198931694031,0.8393397927284241,0.7973484992980957,0.4253927171230316,0.6240601539611816,0.5928571224212646,0.8393685221672058
sgd,42,49,0.794523298740387,0.42244547605514526,0.639019787311554,0.5183486342430115,0.8399480581283569,0.7954545617103577,0.4254322350025177,0.6203007698059082,0.5892857313156128,0.83931565284729
sgd,42,50,0.7963488698005676,0.42442992329597473,0.6439393758773804,0.5198776721954346,0.837928295135498,0.7973484992980957,0.42500731348991394,0.625,0.5892857313156128,0.8396055698394775
sgd,42,51,0.7957403659820557,0.4235531687736511,0.6468292474746704,0.5068807601928711,0.8393797874450684,0.8001893758773804,0.4245389401912689,0.6311787366867065,0.5928571224212646,0.839966893196106
sgd,42,52,0.800000011920929,0.4203265607357025,0.6548076868057251,0.5206422209739685,0.8424192667007446,0.7973484992980957,0.42447060346603394,0.6231343150138855,0.5964285731315613,0.8399369120597839
sgd,42,53,0.7973631024360657,0.4217248558998108,0.645892322063446,0.5229358077049255,0.8409924507141113,0.8001893758773804,0.42423850297927856,0.6311787366867065,0.5928571224212646,0.8400359153747559
sgd,42,54,0.8020284175872803,0.42094695568084717,0.6554307341575623,0.5351681709289551,0.8410711288452148,0.7973484992980957,0.4243336319923401,0.6222222447395325,0.6000000238418579,0.8403833508491516
sgd,42,55,0.8054766654968262,0.4205353558063507,0.6638497710227966,0.5405198931694031,0.842093825340271,0.8001893758773804,0.4244101345539093,0.6292135119438171,0.6000000238418579,0.8403280973434448
sgd,42,56,0.7995943427085876,0.42108485102653503,0.6506591439247131,0.5282874703407288,0.8417110443115234,0.7954545617103577,0.42471036314964294,0.6185185313224792,0.5964285731315613,0.8402429819107056
sgd,42,57,0.7995943427085876,0.4212736487388611,0.6541425585746765,0.5191131234169006,0.8416290283203125,0.7982954382896423,0.42429080605506897,0.6264150738716125,0.5928571224212646,0.8404132723808289
sgd,42,58,0.7997971773147583,0.4232763946056366,0.6521326899528503,0.5259938836097717,0.8394973278045654,0.7992424368858337,0.4236036241054535,0.6297709941864014,0.5892857313156128,0.8409609794616699
sgd,42,59,0.8081135749816895,0.42071717977523804,0.6710774898529053,0.5428134799003601,0.8417102694511414,0.7992424368858337,0.42322903871536255,0.6297709941864014,0.5892857313156128,0.8408573865890503
sgd,42,60,0.8042596578598022,0.416980117559433,0.6631779074668884,0.5328746438026428,0.8445252180099487,0.7982954382896423,0.423723429441452,0.6264150738716125,0.5928571224212646,0.8409218788146973
sgd,42,61,0.8008113503456116,0.41999733448028564,0.654356062412262,0.5282874703407288,0.8420317769050598,0.7982954382896423,0.42295771837234497,0.6273764371871948,0.5892857313156128,0.8409655690193176
sgd,42,62,0.8016226887702942,0.4191396236419678,0.655075192451477,0.5328746438026428,0.8435153961181641,0.7992424368858337,0.42363834381103516,0.6268656849861145,0.6000000238418579,0.8409333229064941
sgd,42,63,0.796146035194397,0.4222635328769684,0.6452540755271912,0.5145260095596313,0.8396477699279785,0.7992424368858337,0.42262357473373413,0.6297709941864014,0.5892857313156128,0.8412117958068848
sgd,42,64,0.7975659370422363,0.42060789465904236,0.6519607901573181,0.5084097981452942,0.8410307168960571,0.7982954382896423,0.4228743612766266,0.6273764371871948,0.5892857313156128,0.8415477871894836
sgd,42,65,0.8014198541641235,0.41933727264404297,0.654460072517395,0.5328746438026428,0.8429697155952454,0.7982954382896423,0.42275291681289673,0.6273764371871948,0.5892857313156128,0.8413913249969482
sgd,42,66,0.8030425906181335,0.41851675510406494,0.6615532040596008,0.5275229215621948,0.8437875509262085,0.7982954382896423,0.42248642444610596,0.6273764371871948,0.5892857313156128,0.8412278890609741
sgd,42,67,0.8058823347091675,0.4181106686592102,0.6685879230499268,0.5321100950241089,0.8440406322479248,0.7982954382896423,0.4223015606403351,0.6283524632453918,0.5857142806053162,0.8417272567749023
sgd,42,68,0.8058823347091675,0.417611688375473,0.6692382097244263,0.5305810570716858,0.8438625335693359,0.8001893758773804,0.4223136901855469,0.6311787366867065,0.5928571224212646,0.8417019844055176
sgd,42,69,0.795537531375885,0.42023855447769165,0.6491053700447083,0.49923548102378845,0.8415578007698059,0.7992424368858337,0.4220319986343384,0.6317829489707947,0.5821428298950195,0.8418952226638794
sgd,42,70,0.8016226887702942,0.4185698330402374,0.6595744490623474,0.5214067101478577,0.8429058194160461,0.7973484992980957,0.4230142831802368,0.625,0.5892857313156128,0.8414626121520996
sgd,42,71,0.8012170195579529,0.41761624813079834,0.6558935642242432,0.5275229215621948,0.8439667224884033,0.8001893758773804,0.42213964462280273,0.6321839094161987,0.5892857313156128,0.8417157530784607
sgd,42,72,0.7985801100730896,0.4189284145832062,0.6539589166641235,0.5114678740501404,0.8431247472763062,0.8001893758773804,0.42212286591529846,0.6321839094161987,0.5892857313156128,0.8419711589813232
sgd,42,73,0.7991886138916016,0.4190155863761902,0.6528846025466919,0.5191131234169006,0.8421518802642822,0.7973484992980957,0.42193901538848877,0.6269230842590332,0.5821428298950195,0.8417940139770508
sgd,42,74,0.8008113503456116,0.4162013828754425,0.6555343270301819,0.5252293348312378,0.8460513353347778,0.7973484992980957,0.42241066694259644,0.6240601539611816,0.5928571224212646,0.8417733907699585
sgd,42,75,0.7985801100730896,0.41788142919540405,0.6507176756858826,0.5198776721954346,0.8429559469223022,0.7992424368858337,0.42231786251068115,0.6287878751754761,0.5928571224212646,0.8417893648147583
sgd,42,76,0.8002028465270996,0.418172687292099,0.6496756076812744,0.535932719707489,0.8438885807991028,0.7992424368858337,0.4219963550567627,0.6307692527770996,0.5857142806053162,0.8421345949172974
sgd,42,77,0.7981744408607483,0.4175713360309601,0.6515004634857178,0.5145260095596313,0.8434479236602783,0.8001893758773804,0.4221761226654053,0.6321839094161987,0.5892857313156128,0.8419850468635559
sgd,42,78,0.8030425906181335,0.4202515482902527,0.6588124632835388,0.5344036817550659,0.8424084186553955,0.8001893758773804,0.42194047570228577,0.6332046389579773,0.5857142806053162,0.8421714305877686
sgd,42,79,0.7995943427085876,0.4188537001609802,0.6515151262283325,0.5259938836097717,0.843005895614624,0.8011363744735718,0.42201852798461914,0.6335877776145935,0.5928571224212646,0.842300295829773
sgd,42,80,0.8044624924659729,0.41684287786483765,0.665703296661377,0.5282874703407288,0.8443153500556946,0.8020833134651184,0.42222878336906433,0.6349809765815735,0.5964285731315613,0.8424705266952515
sgd,42,81,0.8014198541641235,0.4162069857120514,0.6577181220054626,0.5244648456573486,0.8458127975463867,0.8020833134651184,0.42184633016586304,0.6360152959823608,0.5928571224212646,0.8425763845443726
sgd,42,82,0.8040568232536316,0.41629645228385925,0.6616256833076477,0.5351681709289551,0.845602810382843,0.7982954382896423,0.4216083586215973,0.6303501725196838,0.5785714387893677,0.8426822423934937
sgd,42,83,0.8006085157394409,0.416334331035614,0.6588465571403503,0.5152904987335205,0.8455542325973511,0.8001893758773804,0.4211537539958954,0.6352941393852234,0.5785714387893677,0.8424175977706909
sgd,42,84,0.8050709962844849,0.41493216156959534,0.6666666865348816,0.5305810570716858,0.8464158773422241,0.8011363744735718,0.42132991552352905,0.6346153616905212,0.5892857313156128,0.8426132202148438
sgd,42,85,0.8038539290428162,0.41754743456840515,0.6634707450866699,0.5290519595146179,0.844574511051178,0.8011363744735718,0.42140427231788635,0.6346153616905212,0.5892857313156128,0.8430458307266235
sgd,42,86,0.8040568232536316,0.4150698482990265,0.6613207459449768,0.535932719707489,0.8464889526367188,0.7992424368858337,0.42092806100845337,0.6328125,0.5785714387893677,0.842930793762207
sgd,42,87,0.8004056811332703,0.41775670647621155,0.6539924144744873,0.5259938836097717,0.8446588516235352,0.8001893758773804,0.4212438762187958,0.6342412233352661,0.5821428298950195,0.8430250883102417
sgd,42,88,0.8042596578598022,0.4182036221027374,0.6631779074668884,0.5328746438026428,0.8435907363891602,0.7992424368858337,0.4213188886642456,0.6317829489707947,0.5821428298950195,0.8431079387664795
sgd,42,89,0.8044624924659729,0.4184950590133667,0.6641221642494202,0.5321100950241089,0.843896210193634,0.7992424368858337,0.42115315794944763,0.6317829489707947,0.5821428298950195,0.8430780172348022
sgd,42,90,0.7979716062545776,0.41828128695487976,0.652046799659729,0.5114678740501404,0.8434114456176758,0.7992424368858337,0.4208493232727051,0.6349206566810608,0.5714285969734192,0.8430228233337402
sgd,42,91,0.8052738308906555,0.4162493646144867,0.6673076748847961,0.5305810570716858,0.8462754487991333,0.8001893758773804,0.42071592807769775,0.6352941393852234,0.5785714387893677,0.843133270740509
sgd,42,92,0.8040568232536316,0.41716268658638,0.6641075015068054,0.5290519595146179,0.8451491594314575,0.8011363744735718,0.4207269251346588,0.63671875,0.5821428298950195,0.8434048295021057
sgd,42,93,0.8077079057693481,0.4175892174243927,0.6740812659263611,0.5328746438026428,0.8443465828895569,0.7992424368858337,0.4205012619495392,0.6338582634925842,0.574999988079071,0.8433840870857239
sgd,42,94,0.8012170195579529,0.4182718098163605,0.6592233180999756,0.5191131234169006,0.8433653116226196,0.8020833134651184,0.42093509435653687,0.6403161883354187,0.5785714387893677,0.8432230949401855
sgd,42,95,0.8052738308906555,0.4138466715812683,0.6673076748847961,0.5305810570716858,0.8477405309677124,0.8011363744735718,0.4213378429412842,0.6346153616905212,0.5892857313156128,0.8431609272956848
sgd,42,96,0.8006085157394409,0.41438421607017517,0.6570048332214355,0.5198776721954346,0.8466129302978516,0.8011363744735718,0.42079389095306396,0.63671875,0.5821428298950195,0.8435336351394653
sgd,42,97,0.8028397560119629,0.41456419229507446,0.6590909361839294,0.5321100950241089,0.8463709354400635,0.8011363744735718,0.4204518795013428,0.6377952694892883,0.5785714387893677,0.8433058857917786
sgd,42,98,0.8046653270721436,0.4156484603881836,0.6644423007965088,0.5328746438026428,0.8463777303695679,0.8001893758773804,0.4204167127609253,0.6352941393852234,0.5785714387893677,0.8435934782028198
sgd,42,99,0.7931034564971924,0.4186568558216095,0.6381957530975342,0.5084097981452942,0.8429239988327026,0.8001893758773804,0.4205702245235443,0.6363636255264282,0.574999988079071,0.8436049818992615
sgd,42,100,0.7981744408607483,0.4193241596221924,0.6512077450752258,0.5152904987335205,0.8427902460098267,0.8039772510528564,0.4202132523059845,0.6465863585472107,0.574999988079071,0.8435106873512268
sgd,42,101,0.8091278076171875,0.41436466574668884,0.6793743968009949,0.531345546245575,0.8464532494544983,0.8011363744735718,0.4201218783855438,0.6377952694892883,0.5785714387893677,0.8436280488967896
sgd,42,102,0.8030425906181335,0.411791056394577,0.662175178527832,0.5259938836097717,0.8490369319915771,0.8020833134651184,0.42033517360687256,0.6392157077789307,0.5821428298950195,0.8436625003814697
sgd,42,103,0.8014198541641235,0.41764160990715027,0.6586306691169739,0.5221712589263916,0.8450225591659546,0.8011363744735718,0.4202210605144501,0.6377952694892883,0.5785714387893677,0.8438764810562134
sgd,42,104,0.8091278076171875,0.4134500324726105,0.6772946715354919,0.535932719707489,0.8486810922622681,0.8011363744735718,0.420146107673645,0.6377952694892883,0.5785714387893677,0.8440307378768921
sgd,42,105,0.8044624924659729,0.4157939553260803,0.665703296661377,0.5282874703407288,0.8459783792495728,0.8001893758773804,0.4198664128780365,0.6374502182006836,0.5714285969734192,0.8440836668014526
sgd,42,106,0.8012170195579529,0.4152480363845825,0.6555977463722229,0.5282874703407288,0.8459852933883667,0.8011363744735718,0.4192797541618347,0.6411290168762207,0.5678571462631226,0.8443690538406372
sgd,42,107,0.8034482598304749,0.41308724880218506,0.665043830871582,0.5221712589263916,0.848561704158783,0.8030303120613098,0.41963309049606323,0.640625,0.5857142806053162,0.8446520566940308
sgd,42,108,0.8058823347091675,0.4145940840244293,0.6638655662536621,0.5435779690742493,0.8467044830322266,0.8030303120613098,0.41927170753479004,0.6439999938011169,0.574999988079071,0.844562292098999
sgd,42,109,0.8073022365570068,0.41359183192253113,0.6714559197425842,0.535932719707489,0.8476957678794861,0.8020833134651184,0.41990959644317627,0.6381322741508484,0.5857142806053162,0.8444656133651733
sgd,42,110,0.8042596578598022,0.41354742646217346,0.6619452238082886,0.535932719707489,0.8478224873542786,0.8011363744735718,0.4193457067012787,0.6388888955116272,0.574999988079071,0.8444679975509644
sgd,42,111,0.8040568232536316,0.4156738817691803,0.6637930870056152,0.5298165082931519,0.8458842635154724,0.8001893758773804,0.4196237623691559,0.6374502182006836,0.5714285969734192,0.8445301055908203
sgd,42,112,0.8052738308906555,0.4107709228992462,0.6641509532928467,0.538226306438446,0.8496454954147339,0.8011363744735718,0.41948390007019043,0.6377952694892883,0.5785714387893677,0.8446128964424133
sgd,42,113,0.8093306422233582,0.4112672805786133,0.6749049425125122,0.5428134799003601,0.8494271039962769,0.8020833134651184,0.419440895318985,0.6403161883354187,0.5785714387893677,0.8448063135147095
sgd,42,114,0.8075050711631775,0.4110623598098755,0.6694995164871216,0.5420489311218262,0.8502650260925293,0.8039772510528564,0.41917407512664795,0.6420233249664307,0.5892857313156128,0.844626784324646
sgd,42,115,0.8038539290428162,0.41401928663253784,0.6656948328018188,0.5237002968788147,0.848092257976532,0.8039772510528564,0.41926661133766174,0.6420233249664307,0.5892857313156128,0.8447901606559753
sgd,42,116,0.8064908981323242,0.411467581987381,0.6682509779930115,0.5374617576599121,0.8500882387161255,0.8030303120613098,0.4193689525127411,0.6395348906517029,0.5892857313156128,0.8448660373687744
sgd,42,117,0.8068965673446655,0.41075360774993896,0.6682419776916504,0.5405198931694031,0.8502227663993835,0.8011363744735718,0.4193362593650818,0.63671875,0.5821428298950195,0.8450109958648682
sgd,42,118,0.8077079057693481,0.4116588234901428,0.6691729426383972,0.5443425178527832,0.8493162989616394,0.7992424368858337,0.4191164970397949,0.6338582634925842,0.574999988079071,0.8451146483421326
sgd,42,119,0.8054766654968262,0.41199034452438354,0.6666666865348816,0.533639132976532,0.8494616150856018,0.8001893758773804,0.4197520315647125,0.6352941393852234,0.5785714387893677,0.8449282050132751
sgd,42,120,0.8016226887702942,0.4151517152786255,0.6565464735031128,0.5290519595146179,0.8463295698165894,0.7992424368858337,0.4191136360168457,0.6359999775886536,0.5678571462631226,0.8449719548225403
sgd,42,121,0.8068965673446655,0.41527053713798523,0.6704980731010437,0.5351681709289551,0.8470543026924133,0.8020833134651184,0.4191531240940094,0.6425702571868896,0.5714285969734192,0.8452503681182861
sgd,42,122,0.8044624924659729,0.4148629605770111,0.6663442850112915,0.5267584323883057,0.8456732034683228,0.8030303120613098,0.41915667057037354,0.6451612710952759,0.5714285969734192,0.8452803492546082
sgd,42,123,0.8077079057693481,0.4109672009944916,0.6717557311058044,0.538226306438446,0.8499869704246521,0.8011363744735718,0.41887223720550537,0.6388888955116272,0.574999988079071,0.8451836705207825
sgd,42,124,0.8022312521934509,0.4133247137069702,0.6596356630325317,0.5259938836097717,0.8482263684272766,0.8020833134651184,0.4190100431442261,0.6403161883354187,0.5785714387893677,0.8453700542449951
sgd,42,125,0.8066937327384949,0.41220399737358093,0.6708373427391052,0.5328746438026428,0.8480743169784546,0.8011363744735718,0.4190191626548767,0.6399999856948853,0.5714285969734192,0.8451675176620483
sgd,42,126,0.8020284175872803,0.412443608045578,0.6566037535667419,0.5321100950241089,0.848072350025177,0.8020833134651184,0.41943177580833435,0.6414342522621155,0.574999988079071,0.8451306819915771
sgd,42,127,0.8012170195579529,0.4130278527736664,0.6538461446762085,0.5328746438026428,0.8485329747200012,0.8030303120613098,0.4193483293056488,0.6463414430618286,0.5678571462631226,0.8451536893844604
sgd,42,128,0.8083164095878601,0.4115605354309082,0.6791707873344421,0.5259938836097717,0.8501524925231934,0.8030303120613098,0.41901811957359314,0.6428571343421936,0.5785714387893677,0.8451652526855469
sgd,42,129,0.8010141849517822,0.4148799777030945,0.6582768559455872,0.5198776721954346,0.8469102382659912,0.8020833134651184,0.4186782240867615,0.6425702571868896,0.5714285969734192,0.8456255197525024
sgd,42,130,0.8038539290428162,0.41160595417022705,0.6650532484054565,0.5252293348312378,0.8495489358901978,0.8011363744735718,0.41887176036834717,0.63671875,0.5821428298950195,0.845613956451416
sgd,42,131,0.8028397560119629,0.41537824273109436,0.6590909361839294,0.5321100950241089,0.8460862040519714,0.8001893758773804,0.4185018837451935,0.6385542154312134,0.5678571462631226,0.8456876277923584
sgd,42,132,0.8091278076171875,0.4132418930530548,0.6759347915649414,0.53899085521698,0.8494982123374939,0.8011363744735718,0.4184739589691162,0.6434426307678223,0.5607143044471741,0.8454828262329102
sgd,42,133,0.8054766654968262,0.41251176595687866,0.6654028296470642,0.536697268486023,0.8484075665473938,0.8020833134651184,0.418565958738327,0.6437246799468994,0.5678571462631226,0.8455610275268555
sgd,42,134,0.8048681616783142,0.41325271129608154,0.668615996837616,0.5244648456573486,0.8469161987304688,0.8020833134651184,0.4189213514328003,0.6425702571868896,0.5714285969734192,0.8453584909439087
sgd,42,135,0.800000011920929,0.414415568113327,0.6560077667236328,0.5175840854644775,0.8476167917251587,0.8030303120613098,0.41890084743499756,0.6475409865379333,0.5642856955528259,0.8453907370567322
sgd,42,136,0.8070994019508362,0.4110259711742401,0.670487105846405,0.536697268486023,0.8501841425895691,0.8020833134651184,0.41869044303894043,0.6448979377746582,0.5642856955528259,0.8453239798545837
sgd,42,137,0.8075050711631775,0.4110172688961029,0.6717703342437744,0.536697268486023,0.8496494293212891,0.8011363744735718,0.41892385482788086,0.6411290168762207,0.5678571462631226,0.8453102111816406
sgd,42,138,0.8044624924659729,0.4141780734062195,0.66796875,0.5229358077049255,0.8471636772155762,0.8049242496490479,0.41885998845100403,0.6504064798355103,0.5714285969734192,0.8454367518424988
sgd,42,139,0.8093306422233582,0.4103623032569885,0.6776061654090881,0.536697268486023,0.8511730432510376,0.7992424368858337,0.4184578061103821,0.6393442749977112,0.5571428537368774,0.8454252481460571
sgd,42,140,0.8044624924659729,0.4113916754722595,0.6641221642494202,0.5321100950241089,0.8499414920806885,0.8020833134651184,0.41829201579093933,0.6448979377746582,0.5642856955528259,0.8453723192214966
sgd,42,141,0.8058823347091675,0.41018974781036377,0.6725663542747498,0.5229358077049255,0.8502071499824524,0.8001893758773804,0.41882777214050293,0.6374502182006836,0.5714285969734192,0.8455334305763245
sgd,42,142,0.8052738308906555,0.4139971435070038,0.669921875,0.5244648456573486,0.8478137254714966,0.8011363744735718,0.4184303283691406,0.6434426307678223,0.5607143044471741,0.8455725908279419
sgd,42,143,0.8081135749816895,0.4128701090812683,0.6733716726303101,0.5374617576599121,0.8491902351379395,0.8030303120613098,0.4182456433773041,0.6499999761581421,0.5571428537368774,0.8453699946403503
sgd,42,144,0.8079107403755188,0.4083896279335022,0.6717411875724792,0.5397553443908691,0.851677656173706,0.8039772510528564,0.4185386300086975,0.6502057909965515,0.5642856955528259,0.8454275131225586
sgd,42,145,0.8046653270721436,0.4083694815635681,0.6631977558135986,0.535932719707489,0.8526105880737305,0.8039772510528564,0.4185180366039276,0.6489796042442322,0.5678571462631226,0.8457474708557129
sgd,42,146,0.8050709962844849,0.41087815165519714,0.6669874787330627,0.5298165082931519,0.850459635257721,0.8030303120613098,0.41847655177116394,0.6487603187561035,0.5607143044471741,0.8456231355667114
sgd,42,147,0.8046653270721436,0.41090989112854004,0.6650717854499817,0.531345546245575,0.8503999710083008,0.8030303120613098,0.41826900839805603,0.651260495185852,0.5535714030265808,0.8455172777175903
sgd,42,148,0.8060851693153381,0.4122822880744934,0.6702127456665039,0.5298165082931519,0.8493267297744751,0.8030303120613098,0.41831934452056885,0.6499999761581421,0.5571428537368774,0.8454160690307617
sgd,42,149,0.8093306422233582,0.4090689420700073,0.679337203502655,0.5328746438026428,0.8515312671661377,0.8030303120613098,0.41812384128570557,0.6499999761581421,0.5571428537368774,0.8455725312232971
sgd,42,150,0.8093306422233582,0.4079309105873108,0.676583468914032,0.53899085521698,0.852077066898346,0.8020833134651184,0.41814231872558594,0.6485355496406555,0.5535714030265808,0.8454482555389404
sgd,123,1,0.6436105370521545,0.6448490023612976,0.3287566602230072,0.3295106887817383,0.580267071723938,0.7367424368858337,0.5699483752250671,1.0,0.0071428571827709675,0.7083970308303833
sgd,123,2,0.7342799305915833,0.54803067445755,0.4285714328289032,0.004587155766785145,0.699653148651123,0.7357954382896423,0.5195086002349854,1.0,0.0035714285913854837,0.7783803939819336
sgd,123,3,0.7395537495613098,0.5112938284873962,0.7142857313156128,0.030581040307879448,0.7576383352279663,0.7376893758773804,0.4908313751220703,0.5882353186607361,0.0357142873108387,0.798948347568512
sgd,123,4,0.7555781006813049,0.48983141779899597,0.6958174705505371,0.13990825414657593,0.7814956307411194,0.7689393758773804,0.4715564250946045,0.6914893388748169,0.2321428507566452,0.8090988397598267
sgd,123,5,0.7673428058624268,0.4739578664302826,0.668058454990387,0.24464832246303558,0.794761061668396,0.7755681872367859,0.4593563675880432,0.6352201104164124,0.36071428656578064,0.814600944519043
sgd,123,6,0.7707910537719727,0.4721634089946747,0.6390625238418579,0.3126911222934723,0.7922767400741577,0.7840909361839294,0.4519074857234955,0.6477272510528564,0.40714284777641296,0.8187753558158875
sgd,123,7,0.7713996171951294,0.46377140283584595,0.6248275637626648,0.34633028507232666,0.7999502420425415,0.7897727489471436,0.44705724716186523,0.6494845151901245,0.44999998807907104,0.8218082785606384
sgd,123,8,0.7697768807411194,0.4600086212158203,0.6043425798416138,0.3830275237560272,0.8038693070411682,0.7878788113594055,0.44389787316322327,0.6359223127365112,0.46785715222358704,0.8244500160217285
sgd,123,9,0.7827585935592651,0.45613718032836914,0.641239583492279,0.411314994096756,0.8079448938369751,0.7907196879386902,0.44132885336875916,0.6322869658470154,0.5035714507102966,0.8266361951828003
sgd,123,10,0.7774847745895386,0.4545098543167114,0.6205714344978333,0.4151376187801361,0.8079984188079834,0.7926136255264282,0.4398806095123291,0.6331877708435059,0.5178571343421936,0.8275520205497742
sgd,123,11,0.7807302474975586,0.4483798146247864,0.6235038042068481,0.43807339668273926,0.8149758577346802,0.7878788113594055,0.4382150173187256,0.6186440587043762,0.5214285850524902,0.8284310698509216
sgd,123,12,0.7799188494682312,0.4482990503311157,0.6192513108253479,0.44266054034233093,0.8152512311935425,0.7907196879386902,0.4373001754283905,0.6255319118499756,0.5249999761581421,0.8298923373222351
sgd,123,13,0.7841784954071045,0.44628584384918213,0.6286919713020325,0.4556574821472168,0.8174722790718079,0.7926136255264282,0.43625563383102417,0.6265560388565063,0.5392857193946838,0.8303433060646057
sgd,123,14,0.7797160148620605,0.4463954269886017,0.6190987229347229,0.44113150238990784,0.8171681761741638,0.7945075631141663,0.43514591455459595,0.6275303363800049,0.5535714030265808,0.8314847350120544
sgd,123,15,0.7876268029212952,0.4442030191421509,0.6335721611976624,0.4732415974140167,0.8193764090538025,0.7935606241226196,0.43397256731987,0.6313559412956238,0.5321428775787354,0.8320577144622803
sgd,123,16,0.7892494797706604,0.4414513111114502,0.6411332488059998,0.46712538599967957,0.821548342704773,0.7964015007019043,0.43359869718551636,0.6326530575752258,0.5535714030265808,0.8325823545455933
sgd,123,17,0.7864097356796265,0.44672441482543945,0.6357827186584473,0.45642203092575073,0.8169275522232056,0.8011363744735718,0.43298736214637756,0.64462810754776,0.5571428537368774,0.8331047892570496
sgd,123,18,0.7843813300132751,0.44315198063850403,0.6282722353935242,0.4587155878543854,0.8199866414070129,0.7973484992980957,0.43251335620880127,0.6341463327407837,0.5571428537368774,0.8334475755691528
sgd,123,19,0.7849898338317871,0.4452935457229614,0.6316348314285278,0.45489296317100525,0.818256139755249,0.8011363744735718,0.43202444911003113,0.6434426307678223,0.5607143044471741,0.8335788249969482
sgd,123,20,0.7898579835891724,0.43893057107925415,0.642259418964386,0.4694189727306366,0.8238675594329834,0.8020833134651184,0.4310888946056366,0.6485355496406555,0.5535714030265808,0.8341425657272339
sgd,123,21,0.7845841646194458,0.4364267587661743,0.6275933384895325,0.4625382125377655,0.8270862102508545,0.8011363744735718,0.4301222860813141,0.64462810754776,0.5571428537368774,0.8348996639251709
sgd,123,22,0.7900608777999878,0.435937762260437,0.6358209252357483,0.48853209614753723,0.8273687362670898,0.8001893758773804,0.4293367862701416,0.6443514823913574,0.550000011920929,0.8355969190597534
sgd,123,23,0.7914807200431824,0.4354315400123596,0.640280544757843,0.48853209614753723,0.827574610710144,0.8001893758773804,0.42913687229156494,0.6385542154312134,0.5678571462631226,0.8359904289245605
sgd,123,24,0.7882353067398071,0.4391632378101349,0.6352459192276001,0.47400611639022827,0.8242497444152832,0.7992424368858337,0.42898935079574585,0.6349206566810608,0.5714285969734192,0.8366600871086121
sgd,123,25,0.794523298740387,0.43461161851882935,0.6538060307502747,0.4793578088283539,0.8295785784721375,0.8001893758773804,0.42861127853393555,0.6363636255264282,0.574999988079071,0.8366416692733765
sgd,123,26,0.796146035194397,0.4317293167114258,0.650446891784668,0.5007645487785339,0.8317291140556335,0.8001893758773804,0.4277585446834564,0.6385542154312134,0.5678571462631226,0.8368280529975891
sgd,123,27,0.7908722162246704,0.4387878477573395,0.6400404572486877,0.48394495248794556,0.8245676755905151,0.8020833134651184,0.4281948208808899,0.6403161883354187,0.5785714387893677,0.8373619318008423
sgd,123,28,0.7914807200431824,0.4353136718273163,0.6394422054290771,0.49082568287849426,0.8277320265769958,0.8030303120613098,0.42701730132102966,0.6499999761581421,0.5571428537368774,0.8378313779830933
sgd,123,29,0.7888438105583191,0.43308234214782715,0.6360856294631958,0.47706422209739685,0.8296681642532349,0.8039772510528564,0.4258980453014374,0.6540084481239319,0.5535714030265808,0.8386229276657104
sgd,123,30,0.7967545390129089,0.43170976638793945,0.6536144614219666,0.49770641326904297,0.8317645788192749,0.8039772510528564,0.42650681734085083,0.6454183459281921,0.5785714387893677,0.8387173414230347
sgd,123,31,0.794523298740387,0.43066075444221497,0.64883953332901,0.4915902018547058,0.8322867155075073,0.8049242496490479,0.4261273741722107,0.6504064798355103,0.5714285969734192,0.8383883237838745
sgd,123,32,0.7906693816184998,0.4357660710811615,0.6396760940551758,0.483180433511734,0.8276740312576294,0.8068181872367859,0.42574721574783325,0.6557376980781555,0.5714285969734192,0.8393869996070862
sgd,123,33,0.800000011920929,0.4298132359981537,0.6636179089546204,0.49923548102378845,0.8328708410263062,0.8049242496490479,0.4254573583602905,0.649193525314331,0.574999988079071,0.8398103713989258
sgd,123,34,0.7967545390129089,0.4313856363296509,0.6523904204368591,0.5007645487785339,0.8319035768508911,0.8049242496490479,0.4250060021877289,0.6516393423080444,0.5678571462631226,0.8398265242576599
sgd,123,35,0.7967545390129089,0.43006598949432373,0.6536144614219666,0.49770641326904297,0.8321877121925354,0.8039772510528564,0.4253007769584656,0.6489796042442322,0.5678571462631226,0.8395411968231201
sgd,123,36,0.7987829446792603,0.43357017636299133,0.663223147392273,0.49082568287849426,0.8297721743583679,0.8039772510528564,0.425316721200943,0.6465863585472107,0.574999988079071,0.8394145965576172
sgd,123,37,0.7924949526786804,0.4291732609272003,0.643216073513031,0.48929664492607117,0.8338950872421265,0.8058711886405945,0.4251296818256378,0.6518218517303467,0.574999988079071,0.8400290012359619
sgd,123,38,0.8002028465270996,0.43181121349334717,0.6594274640083313,0.5107033848762512,0.8318120837211609,0.8058711886405945,0.4248902499675751,0.6518218517303467,0.574999988079071,0.8401877880096436
sgd,123,39,0.7943204641342163,0.43204188346862793,0.6472945809364319,0.49388378858566284,0.8306868076324463,0.8049242496490479,0.4250766932964325,0.6480000019073486,0.5785714387893677,0.8399093151092529
sgd,123,40,0.8008113503456116,0.4266200363636017,0.6582524180412292,0.5183486342430115,0.8351708054542542,0.8049242496490479,0.4248129427433014,0.6516393423080444,0.5678571462631226,0.8396953344345093
sgd,123,41,0.794523298740387,0.4288625717163086,0.6470588445663452,0.4961773753166199,0.8335509896278381,0.8049242496490479,0.424346387386322,0.6504064798355103,0.5714285969734192,0.840226948261261
sgd,123,42,0.8014198541641235,0.42499035596847534,0.6614328026771545,0.5152904987335205,0.8368068933486938,0.8068181872367859,0.4238327741622925,0.6583333611488342,0.5642856955528259,0.8404616117477417
sgd,123,43,0.7943204641342163,0.4286838471889496,0.6470000147819519,0.4946483075618744,0.8342323899269104,0.8058711886405945,0.42396846413612366,0.6530612111091614,0.5714285969734192,0.8406825065612793
sgd,123,44,0.8020284175872803,0.42697060108184814,0.6643564105033875,0.5129969716072083,0.8363474607467651,0.810606062412262,0.42353466153144836,0.6666666865348816,0.5714285969734192,0.8408551216125488
sgd,123,45,0.7985801100730896,0.42669743299484253,0.6582914590835571,0.5007645487785339,0.8363783359527588,0.8068181872367859,0.4235615134239197,0.6557376980781555,0.5714285969734192,0.8411128520965576
sgd,123,46,0.795537531375885,0.4293283224105835,0.6552795171737671,0.48394495248794556,0.8333644866943359,0.810606062412262,0.42374077439308167,0.6652892827987671,0.574999988079071,0.8405605554580688
sgd,123,47,0.7987829446792603,0.4277874529361725,0.6608961224555969,0.4961773753166199,0.8348215818405151,0.8068181872367859,0.42440691590309143,0.6544715166091919,0.574999988079071,0.8401992917060852
sgd,123,48,0.7953346967697144,0.4279612898826599,0.648756206035614,0.4984709620475769,0.8344544768333435,0.8087121248245239,0.4242115318775177,0.6638655662536621,0.5642856955528259,0.8400887846946716
sgd,123,49,0.8002028465270996,0.42605525255203247,0.6636271476745605,0.5007645487785339,0.8366269469261169,0.8077651262283325,0.4241354465484619,0.6638298034667969,0.5571428537368774,0.8401533365249634
sgd,123,50,0.8016226887702942,0.42369773983955383,0.6666666865348816,0.5045871734619141,0.8392138481140137,0.8058711886405945,0.4240134358406067,0.6556016802787781,0.5642856955528259,0.8404432535171509
sgd,123,51,0.797160267829895,0.4275958240032196,0.6561866402626038,0.4946483075618744,0.8357795476913452,0.8049242496490479,0.42341578006744385,0.6594827771186829,0.5464285612106323,0.8404133319854736
sgd,123,52,0.8004056811332703,0.4252265989780426,0.6656441688537598,0.49770641326904297,0.8374889492988586,0.8049242496490479,0.42314043641090393,0.6567796468734741,0.5535714030265808,0.8407423496246338
sgd,123,53,0.7995943427085876,0.4275795817375183,0.6626016497612,0.4984709620475769,0.8349902629852295,0.8058711886405945,0.42349547147750854,0.6556016802787781,0.5642856955528259,0.8408251404762268
sgd,123,54,0.8006085157394409,0.42528456449508667,0.6613703966140747,0.5091742873191833,0.8373304605484009,0.8049242496490479,0.42327359318733215,0.6554622054100037,0.5571428537368774,0.8408873081207275
sgd,123,55,0.7967545390129089,0.4259866774082184,0.6554877758026123,0.4931192696094513,0.8360484838485718,0.8049242496490479,0.4233052134513855,0.6554622054100037,0.5571428537368774,0.8409402370452881
sgd,123,56,0.8032454252243042,0.4243094325065613,0.6745867729187012,0.49923548102378845,0.8390743136405945,0.8068181872367859,0.42301127314567566,0.6610169410705566,0.5571428537368774,0.8410139083862305
sgd,123,57,0.7979716062545776,0.42545613646507263,0.6598360538482666,0.49235475063323975,0.8374297618865967,0.8030303120613098,0.4232640564441681,0.651260495185852,0.5535714030265808,0.8409609794616699
sgd,123,58,0.7995943427085876,0.4257539212703705,0.6600000262260437,0.5045871734619141,0.8368483185768127,0.8020833134651184,0.423414021730423,0.651063859462738,0.5464285612106323,0.8409080505371094
sgd,123,59,0.8026369214057922,0.4209432005882263,0.6676676869392395,0.5099388360977173,0.8418619632720947,0.8030303120613098,0.42336156964302063,0.6487603187561035,0.5607143044471741,0.8408781290054321
sgd,123,60,0.7991886138916016,0.4261971712112427,0.6561886072158813,0.5107033848762512,0.8370583057403564,0.8058711886405945,0.4227231442928314,0.6651982665061951,0.5392857193946838,0.8407769203186035
sgd,123,61,0.8056795001029968,0.42035454511642456,0.6757028102874756,0.5145260095596313,0.8417164087295532,0.8039772510528564,0.422686368227005,0.6566523313522339,0.5464285612106323,0.8409587144851685
sgd,123,62,0.7963488698005676,0.42369985580444336,0.6529175043106079,0.4961773753166199,0.8392003774642944,0.8020833134651184,0.422350138425827,0.651063859462738,0.5464285612106323,0.8414212465286255
sgd,123,63,0.8004056811332703,0.42138737440109253,0.6607142686843872,0.5091742873191833,0.8413600921630859,0.8030303120613098,0.42241010069847107,0.6487603187561035,0.5607143044471741,0.8416122198104858
sgd,123,64,0.8008113503456116,0.42611080408096313,0.6620278358459473,0.5091742873191833,0.8371278047561646,0.8049242496490479,0.4227452576160431,0.6554622054100037,0.5571428537368774,0.8413383960723877
sgd,123,65,0.8030425906181335,0.4237636625766754,0.6669970154762268,0.5145260095596313,0.839023232460022,0.8039772510528564,0.42248910665512085,0.6593886613845825,0.5392857193946838,0.8410829305648804
sgd,123,66,0.7959432005882263,0.4221346378326416,0.64891517162323,0.5030580759048462,0.8398910760879517,0.8039772510528564,0.42240554094314575,0.6580086350440979,0.5428571701049805,0.8412371277809143
sgd,123,67,0.8036510944366455,0.4199584722518921,0.6683168411254883,0.5160550475120544,0.8417383432388306,0.8011363744735718,0.42284291982650757,0.64462810754776,0.5571428537368774,0.8412026166915894
sgd,123,68,0.8034482598304749,0.4210229814052582,0.6689929962158203,0.5129969716072083,0.8410348296165466,0.8039772510528564,0.42262423038482666,0.6540084481239319,0.5535714030265808,0.8412140607833862
sgd,123,69,0.8081135749816895,0.41835084557533264,0.6750483512878418,0.533639132976532,0.8438429236412048,0.8049242496490479,0.42233192920684814,0.6541666388511658,0.5607143044471741,0.8419734835624695
sgd,123,70,0.8034482598304749,0.41725093126296997,0.667988121509552,0.5152904987335205,0.8447990417480469,0.8020833134651184,0.4221504032611847,0.6485355496406555,0.5535714030265808,0.8418469429016113
sgd,123,71,0.7997971773147583,0.416784405708313,0.6600199341773987,0.5061162114143372,0.8448358774185181,0.8049242496490479,0.42202258110046387,0.6608695387840271,0.5428571701049805,0.8417917490005493
sgd,123,72,0.8066937327384949,0.4184309244155884,0.6728335022926331,0.5282874703407288,0.8436863422393799,0.8039772510528564,0.4221603572368622,0.6553191542625427,0.550000011920929,0.8418607115745544
sgd,123,73,0.7981744408607483,0.4218532145023346,0.6535819172859192,0.5091742873191833,0.8398972749710083,0.8011363744735718,0.42196476459503174,0.6470588445663452,0.550000011920929,0.8417019844055176
sgd,123,74,0.8034482598304749,0.41953104734420776,0.6703517436981201,0.5099388360977173,0.8419575691223145,0.8020833134651184,0.42211851477622986,0.649789035320282,0.550000011920929,0.8418377041816711
sgd,123,75,0.7997971773147583,0.42078670859336853,0.6597014665603638,0.5068807601928711,0.8414568901062012,0.7992424368858337,0.42231830954551697,0.6382113695144653,0.5607143044471741,0.8419965505599976
sgd,123,76,0.8008113503456116,0.4183211922645569,0.6620278358459473,0.5091742873191833,0.8427932262420654,0.8011363744735718,0.421769917011261,0.6483050584793091,0.5464285612106323,0.8420448303222656
sgd,123,77,0.8038539290428162,0.41951876878738403,0.6713567972183228,0.5107033848762512,0.8425658941268921,0.7992424368858337,0.4218691885471344,0.6393442749977112,0.5571428537368774,0.8422726392745972
sgd,123,78,0.800000011920929,0.41882407665252686,0.6600397825241089,0.5076452493667603,0.84317946434021,0.8020833134651184,0.42142757773399353,0.651063859462738,0.5464285612106323,0.8422703146934509
sgd,123,79,0.8028397560119629,0.4203736186027527,0.6686747074127197,0.5091742873191833,0.8418838977813721,0.8001893758773804,0.42165514826774597,0.6431535482406616,0.5535714030265808,0.8421529531478882
sgd,123,80,0.8028397560119629,0.42083826661109924,0.6686747074127197,0.5091742873191833,0.8418004512786865,0.8020833134651184,0.42126113176345825,0.6485355496406555,0.5535714030265808,0.84217369556427
sgd,123,81,0.8028397560119629,0.4212157130241394,0.6663366556167603,0.5145260095596313,0.8411787748336792,0.8049242496490479,0.42167651653289795,0.6567796468734741,0.5535714030265808,0.8418813943862915
sgd,123,82,0.8018255829811096,0.42344918847084045,0.6676798462867737,0.5038226246833801,0.8395861387252808,0.8039772510528564,0.4218014180660248,0.6540084481239319,0.5535714030265808,0.8419528007507324
sgd,123,83,0.7981744408607483,0.42103666067123413,0.661506712436676,0.4900611639022827,0.8409975171089172,0.8020833134651184,0.4218100309371948,0.6485355496406555,0.5535714030265808,0.8421897888183594
sgd,123,84,0.8006085157394409,0.41719508171081543,0.6591576933860779,0.5145260095596313,0.844519317150116,0.7992424368858337,0.4218573272228241,0.6404958963394165,0.5535714030265808,0.8420908451080322
sgd,123,85,0.8048681616783142,0.41823944449424744,0.668615996837616,0.5244648456573486,0.8440985679626465,0.7992424368858337,0.4215160310268402,0.6404958963394165,0.5535714030265808,0.8424820899963379
sgd,123,86,0.8073022365570068,0.41782116889953613,0.6765285730361938,0.5244648456573486,0.8440207839012146,0.8011363744735718,0.4217683672904968,0.6458333134651184,0.5535714030265808,0.8422588109970093
sgd,123,87,0.8048681616783142,0.4203186333179474,0.6679611802101135,0.5259938836097717,0.8419444561004639,0.8049242496490479,0.4215124547481537,0.6594827771186829,0.5464285612106323,0.8422174453735352
sgd,123,88,0.8038539290428162,0.4167521595954895,0.6723963618278503,0.5084097981452942,0.8450740575790405,0.8030303120613098,0.4217393696308136,0.6538461446762085,0.5464285612106323,0.8421414494514465
sgd,123,89,0.7995943427085876,0.4183928072452545,0.6581027507781982,0.5091742873191833,0.8433099985122681,0.8030303120613098,0.4215127229690552,0.6538461446762085,0.5464285612106323,0.8422081470489502
sgd,123,90,0.8028397560119629,0.41775140166282654,0.664383590221405,0.5191131234169006,0.843957781791687,0.8049242496490479,0.4215722382068634,0.6594827771186829,0.5464285612106323,0.8420793414115906
sgd,456,1,0.7346855998039246,0.5726645588874817,0.0,0.0,0.6092997789382935,0.7348484992980957,0.5245609879493713,0.0,0.0,0.7401003241539001
sgd,456,2,0.7346855998039246,0.5186208486557007,0.5,0.0015290520386770368,0.7348206043243408,0.7357954382896423,0.4965026080608368,0.6000000238418579,0.010714286006987095,0.7787440419197083
sgd,456,3,0.7340770959854126,0.49309325218200684,0.4399999976158142,0.00840978603810072,0.7759603261947632,0.7357954382896423,0.48035717010498047,0.5151515007019043,0.06071428582072258,0.7926062345504761
sgd,456,4,0.7423934936523438,0.47630172967910767,0.682692289352417,0.05428134649991989,0.7970882058143616,0.751893937587738,0.4702417850494385,0.59375,0.20357142388820648,0.8005638122558594
sgd,456,5,0.7492900490760803,0.4760909974575043,0.651260495185852,0.11850152909755707,0.7908030152320862,0.7679924368858337,0.46404698491096497,0.6129032373428345,0.3392857015132904,0.8056033849716187
sgd,456,6,0.7567951083183289,0.46986863017082214,0.6430445909500122,0.18730886280536652,0.797378659248352,0.7746211886405945,0.46001091599464417,0.609375,0.4178571403026581,0.808942437171936
sgd,456,7,0.7643002271652222,0.46640515327453613,0.6420233249664307,0.25229358673095703,0.8007508516311646,0.7755681872367859,0.4560895264148712,0.6018957495689392,0.4535714387893677,0.8128244876861572
sgd,456,8,0.7709938883781433,0.4634585976600647,0.6379044651985168,0.3165137469768524,0.8033159971237183,0.7784090638160706,0.45352762937545776,0.6008771657943726,0.4892857074737549,0.8149300217628479
sgd,456,9,0.7772819399833679,0.45967718958854675,0.63671875,0.3738532066345215,0.8081420660018921,0.7774621248245239,0.4511938691139221,0.591093122959137,0.5214285850524902,0.8171967267990112
sgd,456,10,0.7801216840744019,0.4568864405155182,0.6386138796806335,0.39449542760849,0.8119500875473022,0.7803030014038086,0.44892215728759766,0.5944882035255432,0.5392857193946838,0.8192033171653748
sgd,456,11,0.7827585935592651,0.4566636085510254,0.6369942426681519,0.42125383019447327,0.8101707696914673,0.7774621248245239,0.44735682010650635,0.5875486135482788,0.5392857193946838,0.8210281729698181
sgd,456,12,0.7839756608009338,0.45692551136016846,0.6310679316520691,0.447247713804245,0.8099527359008789,0.7821969985961914,0.44531959295272827,0.5946969985961914,0.5607143044471741,0.8231475353240967
sgd,456,13,0.7888438105583191,0.4487641453742981,0.6427807211875916,0.4594801366329193,0.8202037811279297,0.7840909361839294,0.44399383664131165,0.5935251712799072,0.5892857313156128,0.8242958188056946
sgd,456,14,0.7851926684379578,0.44599252939224243,0.6271705627441406,0.4694189727306366,0.8209666609764099,0.7869318127632141,0.4423615038394928,0.5971731543540955,0.6035714149475098,0.8261529207229614
sgd,456,15,0.7870182394981384,0.44620418548583984,0.626223087310791,0.48929664492607117,0.8208404779434204,0.7850378751754761,0.44108670949935913,0.592334508895874,0.6071428656578064,0.8270227313041687
sgd,456,16,0.789452314376831,0.4420372545719147,0.6310679316520691,0.4969418942928314,0.8246985673904419,0.7840909361839294,0.43987810611724854,0.5902777910232544,0.6071428656578064,0.8281917572021484
sgd,456,17,0.7864097356796265,0.4480714797973633,0.6201696395874023,0.5030580759048462,0.8187465071678162,0.7840909361839294,0.4391637444496155,0.5896551609039307,0.6107142567634583,0.8291375041007996
sgd,456,18,0.7951318621635437,0.44468992948532104,0.6392523646354675,0.5229358077049255,0.822274923324585,0.7850378751754761,0.4379633069038391,0.5910652875900269,0.6142857074737549,0.8304538726806641
sgd,456,19,0.7892494797706604,0.4370267689228058,0.6237350702285767,0.5183486342430115,0.8299453258514404,0.7859848737716675,0.43647313117980957,0.59375,0.6107142567634583,0.8313811421394348
sgd,456,20,0.7900608777999878,0.44021284580230713,0.6219838857650757,0.5321100950241089,0.8265358805656433,0.7869318127632141,0.43598461151123047,0.5951557159423828,0.6142857074737549,0.8320876359939575
sgd,456,21,0.793306291103363,0.4417570233345032,0.6322049498558044,0.5282874703407288,0.8249930143356323,0.7859848737716675,0.43552297353744507,0.5931034684181213,0.6142857074737549,0.8328331708908081
sgd,456,22,0.789452314376831,0.44170060753822327,0.6220614910125732,0.5259938836097717,0.8233321905136108,0.7859848737716675,0.4351968467235565,0.5924657583236694,0.6178571581840515,0.833491325378418
sgd,456,23,0.7900608777999878,0.4416169226169586,0.6239781975746155,0.5252293348312378,0.8246061205863953,0.7878788113594055,0.43464043736457825,0.5958904027938843,0.6214285492897034,0.8341816663742065
sgd,456,24,0.7926977872848511,0.4378134310245514,0.6272242069244385,0.53899085521698,0.8278465270996094,0.7878788113594055,0.43371084332466125,0.5958904027938843,0.6214285492897034,0.8347064256668091
sgd,456,25,0.7947261929512024,0.43867364525794983,0.630511462688446,0.5466361045837402,0.8287941813468933,0.7878788113594055,0.4330442547798157,0.5965517163276672,0.6178571581840515,0.8352356553077698
sgd,456,26,0.7931034564971924,0.4398548901081085,0.6297297477722168,0.5344036817550659,0.8251517415046692,0.7888257503509521,0.43242254853248596,0.5979381203651428,0.6214285492897034,0.8356221914291382
sgd,456,27,0.793914794921875,0.4358428120613098,0.6349353194236755,0.5252293348312378,0.8291679620742798,0.7878788113594055,0.43169620633125305,0.5965517163276672,0.6178571581840515,0.8362044095993042
sgd,456,28,0.7918863892555237,0.43554648756980896,0.6281818151473999,0.5282874703407288,0.8304153680801392,0.7888257503509521,0.4313684105873108,0.5979381203651428,0.6214285492897034,0.8362919092178345
sgd,456,29,0.7941176295280457,0.4365588426589966,0.6295313835144043,0.5443425178527832,0.8293905258178711,0.7888257503509521,0.43123698234558105,0.5979381203651428,0.6214285492897034,0.8364737033843994
sgd,456,30,0.794523298740387,0.43533632159233093,0.6332430243492126,0.535932719707489,0.8301142454147339,0.7897727489471436,0.4310266077518463,0.5979729890823364,0.6321428418159485,0.8368717432022095
sgd,456,31,0.7937119603157043,0.4357372224330902,0.6295636892318726,0.5405198931694031,0.8300811052322388,0.7897727489471436,0.43067222833633423,0.5993150472640991,0.625,0.8371433019638062
sgd,456,32,0.7995943427085876,0.43548715114593506,0.6423487663269043,0.5519877672195435,0.8296447992324829,0.7907196879386902,0.4302522838115692,0.6013745665550232,0.625,0.8373572826385498
sgd,456,33,0.797160267829895,0.4331592917442322,0.6362831592559814,0.5496941804885864,0.8323647975921631,0.7907196879386902,0.4295852482318878,0.6020761132240295,0.6214285492897034,0.8377485275268555
sgd,456,34,0.7953346967697144,0.4345560371875763,0.6345634460449219,0.53899085521698,0.8302770256996155,0.7926136255264282,0.4296673834323883,0.6055363416671753,0.625,0.8377277851104736
sgd,456,35,0.7987829446792603,0.43283548951148987,0.6398230195045471,0.5527523159980774,0.8322252035140991,0.7926136255264282,0.42933744192123413,0.6055363416671753,0.625,0.8380615711212158
sgd,456,36,0.797160267829895,0.43203768134117126,0.632987916469574,0.5603975653648376,0.8329184055328369,0.7926136255264282,0.4289553761482239,0.6055363416671753,0.625,0.8386068940162659
sgd,456,37,0.7965517044067383,0.43013328313827515,0.6372637152671814,0.5412843823432922,0.8344666957855225,0.7926136255264282,0.4282032251358032,0.6055363416671753,0.625,0.838880717754364
sgd,456,38,0.7985801100730896,0.43254414200782776,0.6402493119239807,0.5496941804885864,0.8330752849578857,0.7926136255264282,0.4279070794582367,0.6062718033790588,0.6214285492897034,0.8391153812408447
sgd,456,39,0.7967545390129089,0.4297187924385071,0.6358792185783386,0.5474005937576294,0.8351501226425171,0.7935606241226196,0.42791035771369934,0.6068965792655945,0.6285714507102966,0.839525043964386
sgd,456,40,0.800000011920929,0.4302022159099579,0.6432384252548218,0.5527523159980774,0.8335381746292114,0.7935606241226196,0.42793387174606323,0.6068965792655945,0.6285714507102966,0.8392949104309082
sgd,456,41,0.796146035194397,0.4304017424583435,0.6309421062469482,0.5581039786338806,0.8345567584037781,0.7945075631141663,0.42789947986602783,0.6089965105056763,0.6285714507102966,0.8394767045974731
sgd,456,42,0.8024340867996216,0.4263085424900055,0.6475265026092529,0.5603975653648376,0.8385784029960632,0.7945075631141663,0.42746952176094055,0.6089965105056763,0.6285714507102966,0.8400129079818726
sgd,456,43,0.798377275466919,0.42808017134666443,0.6369982361793518,0.5581039786338806,0.8366280198097229,0.7945075631141663,0.42765843868255615,0.6067796349525452,0.6392857432365417,0.8402016162872314
sgd,456,44,0.797160267829895,0.42928093671798706,0.6358024477958679,0.5512232184410095,0.8346645832061768,0.7954545617103577,0.4266195297241211,0.6103448271751404,0.6321428418159485,0.8404569625854492
sgd,456,45,0.8050709962844849,0.4289090633392334,0.6517935395240784,0.569571852684021,0.836205244064331,0.7954545617103577,0.4271111786365509,0.6095890402793884,0.6357142925262451,0.8403512239456177
sgd,456,46,0.8010141849517822,0.4281710982322693,0.642297625541687,0.5642201900482178,0.8361549973487854,0.7954545617103577,0.42678385972976685,0.6095890402793884,0.6357142925262451,0.8408826589584351
sgd,456,47,0.798377275466919,0.42861661314964294,0.6384479999542236,0.5535168051719666,0.836374044418335,0.7964015007019043,0.4261499047279358,0.612456738948822,0.6321428418159485,0.8408688902854919
sgd,456,48,0.8012170195579529,0.4269944727420807,0.6477477550506592,0.5496941804885864,0.8374717235565186,0.7992424368858337,0.42624765634536743,0.617241382598877,0.6392857432365417,0.8413797616958618
sgd,456,49,0.7997971773147583,0.428463876247406,0.6421611905097961,0.5542813539505005,0.8357452154159546,0.8001893758773804,0.4255314767360687,0.6202090382575989,0.6357142925262451,0.8413820862770081
sgd,456,50,0.8042596578598022,0.42300254106521606,0.6524444222450256,0.5611620545387268,0.8403973579406738,0.7982954382896423,0.42495593428611755,0.6167247295379639,0.6321428418159485,0.8417571783065796
sgd,456,51,0.8008113503456116,0.4256831407546997,0.6484517455101013,0.5443425178527832,0.8380120992660522,0.7982954382896423,0.42511415481567383,0.6159169673919678,0.6357142925262451,0.8418883681297302
sgd,456,52,0.799391508102417,0.4292449355125427,0.6410256624221802,0.5542813539505005,0.8350894451141357,0.7992424368858337,0.42531678080558777,0.617241382598877,0.6392857432365417,0.8425487875938416
sgd,456,53,0.8020284175872803,0.42522531747817993,0.6458699703216553,0.5619266033172607,0.8381140232086182,0.8001893758773804,0.42486727237701416,0.6185566782951355,0.6428571343421936,0.8424912691116333
sgd,456,54,0.8008113503456116,0.42688480019569397,0.6432337164878845,0.5596330165863037,0.8369508981704712,0.7992424368858337,0.4248231053352356,0.617241382598877,0.6392857432365417,0.8426569104194641
sgd,456,55,0.795537531375885,0.4283662736415863,0.6315789222717285,0.5504587292671204,0.8359158039093018,0.7992424368858337,0.4244374632835388,0.618881106376648,0.6321428418159485,0.8426615595817566
sgd,456,56,0.8020284175872803,0.4247400164604187,0.6463844776153564,0.5603975653648376,0.8388500213623047,0.8001893758773804,0.4245736002922058,0.6193771362304688,0.6392857432365417,0.8429077863693237
sgd,456,57,0.8026369214057922,0.42435920238494873,0.6457789540290833,0.567278265953064,0.8390834927558899,0.7992424368858337,0.42433834075927734,0.618881106376648,0.6321428418159485,0.8431195020675659
sgd,456,58,0.7953346967697144,0.4261174499988556,0.6357856392860413,0.5351681709289551,0.837246298789978,0.7992424368858337,0.42427656054496765,0.618881106376648,0.6321428418159485,0.843259871006012
sgd,456,59,0.8016226887702942,0.42750439047813416,0.6470588445663452,0.5550458431243896,0.8365718722343445,0.8001893758773804,0.424660325050354,0.6202090382575989,0.6357142925262451,0.8432552814483643
sgd,456,60,0.8024340867996216,0.42365020513534546,0.6477876305580139,0.5596330165863037,0.8395693302154541,0.8039772510528564,0.42344415187835693,0.6289752721786499,0.6357142925262451,0.8433519005775452
sgd,456,61,0.8002028465270996,0.42517584562301636,0.6438112258911133,0.5527523159980774,0.8386050462722778,0.8020833134651184,0.42401382327079773,0.6236934065818787,0.6392857432365417,0.8435014486312866
sgd,456,62,0.7987829446792603,0.4271494150161743,0.6385964751243591,0.5565749406814575,0.8364020586013794,0.8020833134651184,0.42400383949279785,0.6236934065818787,0.6392857432365417,0.8434209227561951
sgd,456,63,0.8022312521934509,0.4223516583442688,0.6495956778526306,0.5527523159980774,0.8409078121185303,0.8011363744735718,0.4238857626914978,0.6215277910232544,0.6392857432365417,0.8433472514152527
sgd,456,64,0.8014198541641235,0.4252554774284363,0.6470062732696533,0.5535168051719666,0.8381057977676392,0.8001893758773804,0.423788458108902,0.6202090382575989,0.6357142925262451,0.8434094190597534
sgd,456,65,0.8014198541641235,0.4198463559150696,0.6494096517562866,0.5466361045837402,0.8432379961013794,0.8020833134651184,0.42318180203437805,0.626334547996521,0.6285714507102966,0.8438052535057068
sgd,456,66,0.8024340867996216,0.42119139432907104,0.6515426635742188,0.5489296913146973,0.8421477675437927,0.8030303120613098,0.4226718246936798,0.6285714507102966,0.6285714507102966,0.8435244560241699
sgd,456,67,0.798377275466919,0.42187485098838806,0.6424682140350342,0.5412843823432922,0.8417016267776489,0.8039772510528564,0.42319217324256897,0.6289752721786499,0.6357142925262451,0.8440192341804504
sgd,456,68,0.8030425906181335,0.4227577745914459,0.6533212065696716,0.5489296913146973,0.8402498364448547,0.8039772510528564,0.42291244864463806,0.6308243870735168,0.6285714507102966,0.843980073928833
sgd,456,69,0.8052738308906555,0.4224291443824768,0.654529333114624,0.5634556412696838,0.8405953645706177,0.8030303120613098,0.42279893159866333,0.6285714507102966,0.6285714507102966,0.8436625599861145
sgd,456,70,0.8020284175872803,0.4226222336292267,0.6487455368041992,0.5535168051719666,0.8404350280761719,0.8030303120613098,0.42257601022720337,0.6294963955879211,0.625,0.8440767526626587
sgd,456,71,0.8034482598304749,0.421894371509552,0.6536718010902405,0.5512232184410095,0.840679943561554,0.8030303120613098,0.42295801639556885,0.6276595592498779,0.6321428418159485,0.844092845916748
sgd,456,72,0.8004056811332703,0.4191529452800751,0.64673912525177,0.5458715558052063,0.8433161377906799,0.8039772510528564,0.42239439487457275,0.6308243870735168,0.6285714507102966,0.8441389203071594
sgd,456,73,0.797768771648407,0.42433053255081177,0.6374889612197876,0.5512232184410095,0.8387965559959412,0.8030303120613098,0.4229089021682739,0.6276595592498779,0.6321428418159485,0.8439663052558899
sgd,456,74,0.8002028465270996,0.4217173755168915,0.6458898186683655,0.5466361045837402,0.840779185295105,0.8039772510528564,0.42261913418769836,0.6298932433128357,0.6321428418159485,0.8439364433288574
sgd,456,75,0.8066937327384949,0.4161336421966553,0.6621004343032837,0.5542813539505005,0.8462786674499512,0.8020833134651184,0.42271947860717773,0.6254416704177856,0.6321428418159485,0.843989372253418
sgd,456,76,0.8038539290428162,0.4233219027519226,0.654578447341919,0.5519877672195435,0.8398231267929077,0.8039772510528564,0.42250025272369385,0.6298932433128357,0.6321428418159485,0.844154953956604
sgd,456,77,0.8034482598304749,0.4194802939891815,0.6522911190986633,0.5550458431243896,0.8433270454406738,0.8030303120613098,0.4229063391685486,0.6276595592498779,0.6321428418159485,0.8438374996185303
sgd,456,78,0.8036510944366455,0.4202958047389984,0.6537070274353027,0.5527523159980774,0.8426042199134827,0.8020833134651184,0.4227062165737152,0.626334547996521,0.6285714507102966,0.8437292575836182
sgd,456,79,0.8038539290428162,0.4193238615989685,0.6554238796234131,0.5496941804885864,0.8427338004112244,0.8030303120613098,0.4228633642196655,0.6267605423927307,0.6357142925262451,0.8438374996185303
sgd,456,80,0.8064908981323242,0.41667380928993225,0.6594594717025757,0.5596330165863037,0.8453148007392883,0.8030303120613098,0.42264261841773987,0.6276595592498779,0.6321428418159485,0.8437868356704712
sgd,456,81,0.8077079057693481,0.4193047285079956,0.6639344096183777,0.5573394298553467,0.8429434299468994,0.8030303120613098,0.42262351512908936,0.6276595592498779,0.6321428418159485,0.8443183898925781
sgd,456,82,0.8022312521934509,0.4192976951599121,0.6498649716377258,0.5519877672195435,0.8439812064170837,0.8030303120613098,0.4224788546562195,0.6276595592498779,0.6321428418159485,0.8442700505256653
sgd,789,1,0.6878296136856079,0.6239221692085266,0.15727002918720245,0.04051987826824188,0.47772446274757385,0.7348484992980957,0.5717018246650696,0.0,0.0,0.6218105554580688
sgd,789,2,0.7346855998039246,0.5556178689002991,0.0,0.0,0.6466029286384583,0.7348484992980957,0.5323477983474731,0.0,0.0,0.7487849593162537
sgd,789,3,0.7352941036224365,0.5291590094566345,0.6666666865348816,0.004587155766785145,0.722274661064148,0.7348484992980957,0.5062208771705627,0.0,0.0,0.7852885723114014
sgd,789,4,0.7401622533798218,0.5044330954551697,0.7142857313156128,0.03440367057919502,0.7643144726753235,0.7528409361839294,0.4840755760669708,0.7317073345184326,0.1071428582072258,0.8022781610488892
sgd,789,5,0.748275876045227,0.48792707920074463,0.6634146571159363,0.10397553443908691,0.7820998430252075,0.7575757503509521,0.4685038626194,0.625,0.2142857164144516,0.8119293451309204
sgd,789,6,0.7590263485908508,0.4784344732761383,0.6456310749053955,0.20336391031742096,0.7902849912643433,0.779356062412262,0.4578374922275543,0.6407185792922974,0.3821428716182709,0.8176684379577637
sgd,789,7,0.7707910537719727,0.4707614481449127,0.6403785347938538,0.31039756536483765,0.7936444282531738,0.7916666865348816,0.4493153691291809,0.6470588445663452,0.4714285731315613,0.822001576423645
sgd,789,8,0.7754563689231873,0.46535053849220276,0.6317169070243835,0.3685015141963959,0.7987717986106873,0.7973484992980957,0.4440208375453949,0.643478274345398,0.5285714268684387,0.8260446786880493
sgd,789,9,0.7803245186805725,0.4544317126274109,0.6334519386291504,0.4082568883895874,0.8098315596580505,0.7897727489471436,0.44091254472732544,0.6159999966621399,0.550000011920929,0.8289120197296143
sgd,789,10,0.778296172618866,0.4591819643974304,0.6201117038726807,0.42431193590164185,0.8050108551979065,0.7897727489471436,0.43825069069862366,0.6159999966621399,0.550000011920929,0.8303502798080444
sgd,789,11,0.7876268029212952,0.4529251456260681,0.6413868069648743,0.4525993764400482,0.8112478256225586,0.7954545617103577,0.43725767731666565,0.6212121248245239,0.5857142806053162,0.8315491080284119
sgd,789,12,0.7841784954071045,0.4498087465763092,0.6262940168380737,0.4625382125377655,0.8141740560531616,0.7982954382896423,0.4348212778568268,0.6283524632453918,0.5857142806053162,0.8331668376922607
sgd,789,13,0.793306291103363,0.44447940587997437,0.647901713848114,0.48394495248794556,0.8196114301681519,0.7992424368858337,0.43337342143058777,0.6287878751754761,0.5928571224212646,0.8347270488739014
sgd,789,14,0.7849898338317871,0.4502822756767273,0.6240000128746033,0.47706422209739685,0.8133575320243835,0.7982954382896423,0.43278467655181885,0.624535322189331,0.6000000238418579,0.8351182341575623
sgd,789,15,0.7841784954071045,0.448293536901474,0.6189084053039551,0.48547402024269104,0.8146162033081055,0.7982954382896423,0.43236249685287476,0.6236162185668945,0.6035714149475098,0.8356360793113708
sgd,789,16,0.7886409759521484,0.44343167543411255,0.6371133923530579,0.4724770784378052,0.8200754523277283,0.7964015007019043,0.4313683807849884,0.6190476417541504,0.6035714149475098,0.8363701105117798
sgd,789,17,0.7827585935592651,0.44872230291366577,0.6167487502098083,0.47859326004981995,0.8141824007034302,0.7973484992980957,0.4307713508605957,0.6213235259056091,0.6035714149475098,0.8371801376342773
sgd,789,18,0.7929006218910217,0.44308340549468994,0.6490135192871094,0.4778287410736084,0.8209673762321472,0.7982954382896423,0.4301375150680542,0.6218181848526001,0.6107142567634583,0.8374539613723755
sgd,789,19,0.7870182394981384,0.43945157527923584,0.628230631351471,0.483180433511734,0.8243789672851562,0.7973484992980957,0.4285346269607544,0.6213235259056091,0.6035714149475098,0.8379855751991272
sgd,789,20,0.7870182394981384,0.4438922107219696,0.6290000081062317,0.480886846780777,0.8197633028030396,0.7992424368858337,0.42834100127220154,0.6231883764266968,0.6142857074737549,0.8391546010971069
sgd,789,21,0.7858012318611145,0.4435350298881531,0.6262525320053101,0.4778287410736084,0.8197946548461914,0.7982954382896423,0.4279584288597107,0.6218181848526001,0.6107142567634583,0.8394743800163269
sgd,789,22,0.7965517044067383,0.44028380513191223,0.6490713357925415,0.5076452493667603,0.82306969165802,0.7982954382896423,0.4275347590446472,0.6218181848526001,0.6107142567634583,0.8396055698394775
sgd,789,23,0.7900608777999878,0.4453139007091522,0.6397134065628052,0.4778287410736084,0.8177378177642822,0.8001893758773804,0.42727383971214294,0.6273062825202942,0.6071428656578064,0.8397137522697449
sgd,789,24,0.7912778854370117,0.4432533383369446,0.6404833793640137,0.4862385392189026,0.8214113712310791,0.7992424368858337,0.42671939730644226,0.6259258985519409,0.6035714149475098,0.8399415612220764
sgd,789,25,0.794523298740387,0.43653640151023865,0.6476476192474365,0.4946483075618744,0.8270269632339478,0.7982954382896423,0.426383376121521,0.6236162185668945,0.6035714149475098,0.8404316902160645
sgd,789,26,0.7890466451644897,0.43396130204200745,0.6326732635498047,0.48853209614753723,0.829018235206604,0.8011363744735718,0.4261188805103302,0.6277372241020203,0.6142857074737549,0.8403971791267395
sgd,789,27,0.8008113503456116,0.4342171847820282,0.6576402187347412,0.5198776721954346,0.8286253809928894,0.7992424368858337,0.42546597123146057,0.625,0.6071428656578064,0.8407492637634277
sgd,789,28,0.7931034564971924,0.43585988879203796,0.640625,0.5015290379524231,0.8283268809318542,0.8001893758773804,0.4256458580493927,0.6263736486434937,0.6107142567634583,0.8409103155136108
sgd,789,29,0.791683554649353,0.43600770831108093,0.6398009657859802,0.4915902018547058,0.8276394009590149,0.8001893758773804,0.42465874552726746,0.6263736486434937,0.6107142567634583,0.8415753841400146
sgd,789,30,0.794929027557373,0.43638160824775696,0.6432015299797058,0.5099388360977173,0.8275203704833984,0.8011363744735718,0.42431899905204773,0.6286764740943909,0.6107142567634583,0.8419389724731445
sgd,789,31,0.7920892238616943,0.43372002243995667,0.6436548233032227,0.4847094714641571,0.8296244144439697,0.8001893758773804,0.4244231879711151,0.6263736486434937,0.6107142567634583,0.8421506881713867
sgd,789,32,0.794523298740387,0.4322989583015442,0.6441837549209595,0.5038226246833801,0.8303810358047485,0.7992424368858337,0.42377686500549316,0.625,0.6071428656578064,0.8427489399909973
sgd,789,33,0.7991886138916016,0.4309380054473877,0.6552734375,0.5129969716072083,0.831615686416626,0.7992424368858337,0.4238242506980896,0.625,0.6071428656578064,0.8425511121749878
sgd,789,34,0.7989857792854309,0.435331791639328,0.6543329954147339,0.5137614607810974,0.8282578587532043,0.8001893758773804,0.4238124191761017,0.6263736486434937,0.6107142567634583,0.8425672054290771
sgd,789,35,0.7947261929512024,0.43371355533599854,0.6442494988441467,0.5053516626358032,0.829205334186554,0.8001893758773804,0.42348775267601013,0.6263736486434937,0.6107142567634583,0.8426960706710815
sgd,789,36,0.7963488698005676,0.4293150007724762,0.6516966223716736,0.49923548102378845,0.8335074186325073,0.7992424368858337,0.4229573905467987,0.6268656849861145,0.6000000238418579,0.8425971269607544
sgd,789,37,0.7914807200431824,0.42935317754745483,0.6348747611045837,0.5038226246833801,0.8335498571395874,0.8011363744735718,0.4230400621891022,0.6286764740943909,0.6107142567634583,0.8427144885063171
sgd,789,38,0.7914807200431824,0.43255358934402466,0.6394422054290771,0.49082568287849426,0.8304408192634583,0.7982954382896423,0.42281991243362427,0.624535322189331,0.6000000238418579,0.8428156971931458
sgd,789,39,0.7918863892555237,0.43439531326293945,0.6396039724349976,0.49388378858566284,0.8287076950073242,0.7992424368858337,0.42288631200790405,0.6278195381164551,0.5964285731315613,0.8431033492088318
sgd,789,40,0.7941176295280457,0.43082311749458313,0.6454816460609436,0.4969418942928314,0.832703173160553,0.8011363744735718,0.4226994514465332,0.6325757503509521,0.5964285731315613,0.842985987663269
sgd,789,41,0.7969574332237244,0.42909854650497437,0.650934100151062,0.5061162114143372,0.8339476585388184,0.8001893758773804,0.4218418300151825,0.6301887035369873,0.5964285731315613,0.8434416055679321
sgd,789,42,0.7969574332237244,0.4324125051498413,0.6524329781532288,0.502293586730957,0.8312087059020996,0.8020833134651184,0.4218291640281677,0.6339622735977173,0.6000000238418579,0.8436050415039062
sgd,789,43,0.798377275466919,0.4248962104320526,0.6521317958831787,0.5145260095596313,0.8382294774055481,0.8011363744735718,0.42129766941070557,0.6305969953536987,0.6035714149475098,0.8441711068153381
sgd,789,44,0.7969574332237244,0.42903658747673035,0.64946448802948,0.5099388360977173,0.8331437110900879,0.8030303120613098,0.4221532642841339,0.6343283653259277,0.6071428656578064,0.8435543775558472
sgd,789,45,0.7985801100730896,0.4309810996055603,0.6515880823135376,0.5175840854644775,0.832207977771759,0.8001893758773804,0.4218538701534271,0.6263736486434937,0.6107142567634583,0.8440905809402466
sgd,789,46,0.797768771648407,0.4297955632209778,0.6482363939285278,0.5198776721954346,0.8338050842285156,0.8020833134651184,0.42140498757362366,0.6370656490325928,0.5892857313156128,0.8441458344459534
sgd,789,47,0.797160267829895,0.43192625045776367,0.6512770056724548,0.5068807601928711,0.8309749364852905,0.8011363744735718,0.42145246267318726,0.6356589198112488,0.5857142806053162,0.8440353274345398
sgd,789,48,0.7947261929512024,0.4251886308193207,0.6485943794250488,0.49388378858566284,0.837103545665741,0.8030303120613098,0.4209268093109131,0.6395348906517029,0.5892857313156128,0.8440422415733337
sgd,789,49,0.8004056811332703,0.4250185191631317,0.6578947305679321,0.5160550475120544,0.8378803133964539,0.8011363744735718,0.42127320170402527,0.6315789222717285,0.6000000238418579,0.8441089391708374
sgd,789,50,0.794523298740387,0.4297282099723816,0.646766185760498,0.4969418942928314,0.833325207233429,0.8011363744735718,0.4210822284221649,0.6335877776145935,0.5928571224212646,0.8441435098648071
sgd,789,51,0.7981744408607483,0.4290507435798645,0.6554121375083923,0.5045871734619141,0.8340109586715698,0.8030303120613098,0.4204522371292114,0.640625,0.5857142806053162,0.844507098197937
sgd,789,52,0.794929027557373,0.4321584105491638,0.6495468020439148,0.4931192696094513,0.8311386108398438,0.8030303120613098,0.42113494873046875,0.6395348906517029,0.5892857313156128,0.8443735837936401
sgd,789,53,0.8004056811332703,0.4258946478366852,0.6539924144744873,0.5259938836097717,0.8375540971755981,0.8049242496490479,0.42008182406425476,0.64682537317276,0.5821428298950195,0.8447901010513306
sgd,789,54,0.8018255829811096,0.42746075987815857,0.6670030355453491,0.5053516626358032,0.8356344699859619,0.8068181872367859,0.419900119304657,0.6507936716079712,0.5857142806053162,0.8449857234954834
sgd,789,55,0.7967545390129089,0.424938827753067,0.6533066034317017,0.4984709620475769,0.8375476598739624,0.8030303120613098,0.42066076397895813,0.6363636255264282,0.6000000238418579,0.8448246717453003
sgd,789,56,0.798377275466919,0.4272610545158386,0.6560636162757874,0.5045871734619141,0.8361877202987671,0.8039772510528564,0.4206184148788452,0.6398467421531677,0.5964285731315613,0.844801664352417
sgd,789,57,0.7967545390129089,0.42978179454803467,0.6502947211265564,0.5061162114143372,0.8335989713668823,0.8049242496490479,0.4200860559940338,0.64453125,0.5892857313156128,0.8448131680488586
sgd,789,58,0.7969574332237244,0.4251442551612854,0.6491739749908447,0.5107033848762512,0.8380822539329529,0.8058711886405945,0.4200340211391449,0.6447876691818237,0.5964285731315613,0.8448615074157715
sgd,789,59,0.8018255829811096,0.42693030834198,0.6636993288993835,0.5129969716072083,0.8364017009735107,0.8049242496490479,0.4207732379436493,0.6412213444709778,0.6000000238418579,0.844449520111084
sgd,789,60,0.7941176295280457,0.42851027846336365,0.6460618376731873,0.4954128563404083,0.8347568511962891,0.8068181872367859,0.4204375147819519,0.6472868323326111,0.5964285731315613,0.8444610834121704
sgd,789,61,0.7985801100730896,0.4247547686100006,0.6586102843284607,0.5,0.837656557559967,0.8087121248245239,0.4201541841030121,0.6511628031730652,0.6000000238418579,0.8447072505950928
sgd,789,62,0.7985801100730896,0.4248316287994385,0.6533592939376831,0.5129969716072083,0.8372744917869568,0.8087121248245239,0.42021748423576355,0.6511628031730652,0.6000000238418579,0.8447279930114746
sgd,789,63,0.8002028465270996,0.4244042634963989,0.6581782698631287,0.5137614607810974,0.8378592729568481,0.8058711886405945,0.41998010873794556,0.6436781883239746,0.6000000238418579,0.8447096347808838
sgd,789,64,0.7957403659820557,0.4265117943286896,0.6471163034439087,0.5061162114143372,0.8359733819961548,0.8049242496490479,0.41993361711502075,0.643410861492157,0.5928571224212646,0.8448545336723328
sgd,2026,1,0.7097362875938416,0.5915253758430481,0.2857142984867096,0.06269112974405289,0.5649375915527344,0.7395833134651184,0.5380551815032959,0.7272727489471436,0.02857142873108387,0.7006305456161499
sgd,2026,2,0.745030403137207,0.5268667936325073,0.6491228342056274,0.08486238867044449,0.7116339802742004,0.751893937587738,0.49107950925827026,0.7045454382896423,0.11071428656578064,0.7899967432022095
sgd,2026,3,0.7628803253173828,0.4942269027233124,0.6682808995246887,0.2110091745853424,0.7625137567520142,0.7803030014038086,0.4638267457485199,0.6846153736114502,0.31785714626312256,0.8087674379348755
sgd,2026,4,0.7772819399833679,0.4708315432071686,0.6630434989929199,0.3264526128768921,0.7921712398529053,0.7840909361839294,0.4491138458251953,0.6428571343421936,0.4178571403026581,0.8168169856071472
sgd,2026,5,0.7829614877700806,0.46046561002731323,0.6451219320297241,0.4044342637062073,0.8007787466049194,0.7954545617103577,0.44253119826316833,0.6523809432983398,0.4892857074737549,0.8216310739517212
sgd,2026,6,0.7870182394981384,0.4555191099643707,0.6507009267807007,0.42584097385406494,0.8070498704910278,0.7982954382896423,0.43881314992904663,0.651583731174469,0.5142857432365417,0.8252968192100525
sgd,2026,7,0.7872210741043091,0.4526383578777313,0.6459977626800537,0.43807339668273926,0.8096120953559875,0.8039772510528564,0.4357110857963562,0.6593886613845825,0.5392857193946838,0.828412652015686
sgd,2026,8,0.7935091257095337,0.4446137547492981,0.6582969427108765,0.4610091745853424,0.8177635669708252,0.8039772510528564,0.4338955879211426,0.6553191542625427,0.550000011920929,0.8305550217628479
sgd,2026,9,0.7860040664672852,0.4508420526981354,0.6332982182502747,0.4594801366329193,0.8111498355865479,0.8049242496490479,0.4324822425842285,0.6594827771186829,0.5464285612106323,0.8318736553192139
sgd,2026,10,0.7874239087104797,0.44837868213653564,0.6385927796363831,0.45795106887817383,0.814310610294342,0.8039772510528564,0.4311986267566681,0.6607929468154907,0.5357142686843872,0.8333371877670288
sgd,2026,11,0.7886409759521484,0.444871723651886,0.6423982977867126,0.4587155878543854,0.8178435564041138,0.8058711886405945,0.43002235889434814,0.6609442234039307,0.550000011920929,0.8338733315467834
sgd,2026,12,0.7888438105583191,0.4410364627838135,0.6397905945777893,0.46712538599967957,0.8214789032936096,0.8077651262283325,0.4287850856781006,0.6696035265922546,0.5428571701049805,0.8350561857223511
sgd,2026,13,0.7880324721336365,0.44735467433929443,0.6368366479873657,0.4678899049758911,0.8152221441268921,0.8049242496490479,0.4286639988422394,0.6567796468734741,0.5535714030265808,0.8355854153633118
sgd,2026,14,0.7965517044067383,0.4382414221763611,0.657054603099823,0.4877675771713257,0.8244333267211914,0.8039772510528564,0.4279926121234894,0.6540084481239319,0.5535714030265808,0.8361032009124756
sgd,2026,15,0.7975659370422363,0.4370017647743225,0.6588114500045776,0.4915902018547058,0.8262637853622437,0.8049242496490479,0.42720967531204224,0.6567796468734741,0.5535714030265808,0.8365680575370789
sgd,2026,16,0.7914807200431824,0.4402969777584076,0.6467505097389221,0.47171252965927124,0.8225661516189575,0.8049242496490479,0.4263021945953369,0.6608695387840271,0.5428571701049805,0.8371018767356873
sgd,2026,17,0.797160267829895,0.44070175290107727,0.6587628722190857,0.48853209614753723,0.8217296600341797,0.8020833134651184,0.4259367883205414,0.649789035320282,0.550000011920929,0.8375551700592041
sgd,2026,18,0.799391508102417,0.4354996681213379,0.6649430990219116,0.4915902018547058,0.8287732005119324,0.8020833134651184,0.4252550005912781,0.651063859462738,0.5464285612106323,0.838388204574585
sgd,2026,19,0.7979716062545776,0.43626800179481506,0.6585366129875183,0.4954128563404083,0.8260992765426636,0.8001893758773804,0.4247385561466217,0.6468085050582886,0.5428571701049805,0.8390601873397827
sgd,2026,20,0.7969574332237244,0.4364375174045563,0.6542713642120361,0.49770641326904297,0.8277523517608643,0.8030303120613098,0.42433446645736694,0.6551724076271057,0.5428571701049805,0.8393731117248535
sgd,2026,21,0.7926977872848511,0.43065544962882996,0.6477272510528564,0.4793578088283539,0.8324599266052246,0.7973484992980957,0.4241086542606354,0.6363636255264282,0.550000011920929,0.8398011922836304
sgd,2026,22,0.7957403659820557,0.43162769079208374,0.650650680065155,0.4969418942928314,0.8310991525650024,0.8020833134651184,0.42331650853157043,0.651063859462738,0.5464285612106323,0.8404271602630615
sgd,2026,23,0.8016226887702942,0.42852747440338135,0.6653306484222412,0.5076452493667603,0.8342220783233643,0.8030303120613098,0.42316293716430664,0.6525423526763916,0.550000011920929,0.8405721187591553
sgd,2026,24,0.7963488698005676,0.4375069737434387,0.655102014541626,0.49082568287849426,0.826216459274292,0.8049242496490479,0.42301076650619507,0.6581196784973145,0.550000011920929,0.8408229351043701
sgd,2026,25,0.794929027557373,0.4311510920524597,0.6532507538795471,0.48394495248794556,0.8313672542572021,0.8039772510528564,0.4227699637413025,0.6553191542625427,0.550000011920929,0.8410621881484985
sgd,2026,26,0.7941176295280457,0.43484625220298767,0.6478304862976074,0.49082568287849426,0.828162670135498,0.8030303120613098,0.4226687252521515,0.6499999761581421,0.5571428537368774,0.8410345911979675
sgd,2026,27,0.7973631024360657,0.43085265159606934,0.6534259915351868,0.5030580759048462,0.8323079347610474,0.8049242496490479,0.42204609513282776,0.6554622054100037,0.5571428537368774,0.8415546417236328
sgd,2026,28,0.7920892238616943,0.4315580725669861,0.6424974799156189,0.4877675771713257,0.8314193487167358,0.8049242496490479,0.4219636917114258,0.6541666388511658,0.5607143044471741,0.8419113755226135
sgd,2026,29,0.8006085157394409,0.4284680485725403,0.6588465571403503,0.5152904987335205,0.8337956070899963,0.8068181872367859,0.42183318734169006,0.6596638560295105,0.5607143044471741,0.84173184633255
sgd,2026,30,0.7991886138916016,0.43233975768089294,0.6580516695976257,0.5061162114143372,0.8313567042350769,0.8049242496490479,0.4215899407863617,0.6554622054100037,0.5571428537368774,0.8418400287628174
sgd,2026,31,0.7965517044067383,0.4286889135837555,0.6535750031471252,0.4961773753166199,0.834210991859436,0.8049242496490479,0.4214779734611511,0.6541666388511658,0.5607143044471741,0.8420379161834717
sgd,2026,32,0.7957403659820557,0.4278794825077057,0.6491575837135315,0.5007645487785339,0.8346058130264282,0.8058711886405945,0.4211350679397583,0.6569037437438965,0.5607143044471741,0.8420885801315308
sgd,2026,33,0.8012170195579529,0.42868947982788086,0.6630218625068665,0.5099388360977173,0.8348320722579956,0.8058711886405945,0.4207698106765747,0.6595744490623474,0.5535714030265808,0.8424291610717773
sgd,2026,34,0.7979716062545776,0.42461448907852173,0.6538461446762085,0.5068807601928711,0.8374694585800171,0.8058711886405945,0.42077529430389404,0.6556016802787781,0.5642856955528259,0.8429262042045593
sgd,2026,35,0.796146035194397,0.4287678897380829,0.6483839154243469,0.5061162114143372,0.8340840339660645,0.8039772510528564,0.4207938611507416,0.6514523029327393,0.5607143044471741,0.8427259922027588
sgd,2026,36,0.7997971773147583,0.42063596844673157,0.6571988463401794,0.5129969716072083,0.8413213491439819,0.8077651262283325,0.42030495405197144,0.6610878705978394,0.5642856955528259,0.8430066704750061
sgd,2026,37,0.8012170195579529,0.42698460817337036,0.6598440408706665,0.5175840854644775,0.8360028266906738,0.8058711886405945,0.4202256500720978,0.6556016802787781,0.5642856955528259,0.8431861996650696
sgd,2026,38,0.7947261929512024,0.4304533004760742,0.6417624354362488,0.5122324228286743,0.8330307602882385,0.8058711886405945,0.4201998710632324,0.6556016802787781,0.5642856955528259,0.8431149125099182
sgd,2026,39,0.7981744408607483,0.42924171686172485,0.6517943739891052,0.5137614607810974,0.8334330916404724,0.8077651262283325,0.42003077268600464,0.6638298034667969,0.5571428537368774,0.8431907892227173
sgd,2026,40,0.7985801100730896,0.4276845455169678,0.6570289134979248,0.5038226246833801,0.8355779051780701,0.8068181872367859,0.4199085235595703,0.6623931527137756,0.5535714030265808,0.8433703184127808
sgd,2026,41,0.798377275466919,0.42580655217170715,0.657314658164978,0.5015290379524231,0.8367612957954407,0.8077651262283325,0.4197581708431244,0.6666666865348816,0.550000011920929,0.8433933258056641
sgd,2026,42,0.8012170195579529,0.4229517877101898,0.6570881009101868,0.5244648456573486,0.8397855758666992,0.8077651262283325,0.41985568404197693,0.6610878705978394,0.5642856955528259,0.843370258808136
sgd,2026,43,0.7989857792854309,0.4233125150203705,0.6543329954147339,0.5137614607810974,0.8394244313240051,0.8049242496490479,0.41959404945373535,0.6554622054100037,0.5571428537368774,0.8435429334640503
sgd,2026,44,0.8048681616783142,0.4266118109226227,0.667311429977417,0.5275229215621948,0.8358522653579712,0.8058711886405945,0.4193955361843109,0.6595744490623474,0.5535714030265808,0.8435176014900208
sgd,2026,45,0.7981744408607483,0.4218975305557251,0.6529814004898071,0.5107033848762512,0.840296745300293,0.8077651262283325,0.4194258451461792,0.6597510576248169,0.5678571462631226,0.8438926935195923
sgd,2026,46,0.8026369214057922,0.4200926125049591,0.660287082195282,0.5275229215621948,0.8416212797164917,0.8096590638160706,0.419315367937088,0.6639004349708557,0.5714285969734192,0.8439363837242126
sgd,2026,47,0.7989857792854309,0.4229680001735687,0.6558505296707153,0.5099388360977173,0.839669942855835,0.8049242496490479,0.4190330505371094,0.6567796468734741,0.5535714030265808,0.8439939618110657
sgd,2026,48,0.8022312521934509,0.4219796359539032,0.6618075966835022,0.5206422209739685,0.8407490253448486,0.8058711886405945,0.41914308071136475,0.6582278609275818,0.5571428537368774,0.8440951704978943
sgd,2026,49,0.799391508102417,0.4256686270236969,0.6556097269058228,0.5137614607810974,0.8367335796356201,0.8087121248245239,0.4190381169319153,0.6625000238418579,0.5678571462631226,0.8444173336029053
sgd,2026,50,0.8004056811332703,0.422635018825531,0.6560693383216858,0.5206422209739685,0.8398704528808594,0.8077651262283325,0.41889774799346924,0.6610878705978394,0.5642856955528259,0.8445048332214355
sgd,2026,51,0.8012170195579529,0.4189918637275696,0.6567877531051636,0.5252293348312378,0.8431435227394104,0.810606062412262,0.41878607869148254,0.6666666865348816,0.5714285969734192,0.8440606594085693
sgd,2026,52,0.799391508102417,0.42681410908699036,0.6532180309295654,0.5198776721954346,0.8359175324440002,0.810606062412262,0.41880422830581665,0.6709401607513428,0.5607143044471741,0.8445668816566467
sgd,2026,53,0.8012170195579529,0.4207698702812195,0.6570881009101868,0.5244648456573486,0.8419249057769775,0.8096590638160706,0.41868364810943604,0.6666666865348816,0.5642856955528259,0.8444610834121704
sgd,2026,54,0.8036510944366455,0.4205763638019562,0.6706827282905579,0.5107033848762512,0.8414233922958374,0.8068181872367859,0.418607234954834,0.6596638560295105,0.5607143044471741,0.8446589708328247
sgd,2026,55,0.8016226887702942,0.42267194390296936,0.6589595079421997,0.5229358077049255,0.8399070501327515,0.8087121248245239,0.41836607456207275,0.6666666865348816,0.5571428537368774,0.844624400138855
sgd,2026,56,0.7995943427085876,0.42108988761901855,0.65444016456604,0.5183486342430115,0.8406741619110107,0.8096590638160706,0.4180743098258972,0.6695278882980347,0.5571428537368774,0.8449143767356873
sgd,2026,57,0.8006085157394409,0.4242400527000427,0.6531574130058289,0.5298165082931519,0.8384658098220825,0.8087121248245239,0.4180193245410919,0.6681034564971924,0.5535714030265808,0.8451813459396362
sgd,2026,58,0.8012170195579529,0.4233072102069855,0.6592233180999756,0.5191131234169006,0.8388057947158813,0.8096590638160706,0.4177612364292145,0.6709956526756287,0.5535714030265808,0.8451928496360779
sgd,2026,59,0.8030425906181335,0.42250314354896545,0.6612440347671509,0.5282874703407288,0.8393706679344177,0.8068181872367859,0.41793394088745117,0.6637930870056152,0.550000011920929,0.8451606035232544
sgd,2026,60,0.8002028465270996,0.4178391396999359,0.657254159450531,0.5160550475120544,0.8438945412635803,0.8068181872367859,0.4178547263145447,0.665217399597168,0.5464285612106323,0.8451054096221924
sgd,2026,61,0.8022312521934509,0.41816169023513794,0.6602502465248108,0.5244648456573486,0.8433207869529724,0.8068181872367859,0.4178282916545868,0.665217399597168,0.5464285612106323,0.8451905250549316
sgd,2026,62,0.8004056811332703,0.42311516404151917,0.6557692289352417,0.5214067101478577,0.8387187123298645,0.8068181872367859,0.4179079532623291,0.665217399597168,0.5464285612106323,0.8451858758926392
sgd,2026,63,0.8087221384048462,0.42163199186325073,0.6812313795089722,0.5244648456573486,0.8413667678833008,0.8068181872367859,0.41755878925323486,0.665217399597168,0.5464285612106323,0.8455334305763245
sgd,2026,64,0.8032454252243042,0.42319801449775696,0.6669960618019104,0.5160550475120544,0.8391892910003662,0.8068181872367859,0.41757649183273315,0.665217399597168,0.5464285612106323,0.8454068303108215
sgd,2026,65,0.8002028465270996,0.4180670976638794,0.6566440463066101,0.5175840854644775,0.843186616897583,0.8077651262283325,0.4175657629966736,0.6666666865348816,0.550000011920929,0.8452273607254028
sgd,2026,66,0.7989857792854309,0.4186502695083618,0.6564659476280212,0.5084097981452942,0.8436123132705688,0.8077651262283325,0.4173813462257385,0.6652360558509827,0.5535714030265808,0.8456599712371826
sgd,2026,67,0.8002028465270996,0.420958548784256,0.6575610041618347,0.5152904987335205,0.8417807221412659,0.8087121248245239,0.41751399636268616,0.6681034564971924,0.5535714030265808,0.8453838229179382
sgd,2026,68,0.8058823347091675,0.41973721981048584,0.6735904812812805,0.5206422209739685,0.8420203328132629,0.8077651262283325,0.417352557182312,0.6652360558509827,0.5535714030265808,0.845123827457428
sgd,2026,69,0.8048681616783142,0.4188213050365448,0.6682879328727722,0.5252293348312378,0.8424956798553467,0.8077651262283325,0.4172103703022003,0.6652360558509827,0.5535714030265808,0.8454252481460571
sgd,2026,70,0.8087221384048462,0.4176364541053772,0.6753122210502625,0.5374617576599121,0.8443238139152527,0.8087121248245239,0.4173123240470886,0.6681034564971924,0.5535714030265808,0.8456070423126221
sgd,2026,71,0.8038539290428162,0.41930171847343445,0.6644166111946106,0.5267584323883057,0.8431457877159119,0.8087121248245239,0.4174045920372009,0.6681034564971924,0.5535714030265808,0.8456599712371826
sgd,2026,72,0.8056795001029968,0.4216269552707672,0.6705653071403503,0.5259938836097717,0.8400843739509583,0.8087121248245239,0.4172017276287079,0.6681034564971924,0.5535714030265808,0.8455150127410889
sgd,2026,73,0.8014198541641235,0.41922396421432495,0.6601752638816833,0.5183486342430115,0.8430163860321045,0.8077651262283325,0.4173135757446289,0.6652360558509827,0.5535714030265808,0.8456968069076538
sgd,2026,74,0.8054766654968262,0.4211050271987915,0.6719211935997009,0.5214067101478577,0.8407547473907471,0.8077651262283325,0.417074978351593,0.6666666865348816,0.550000011920929,0.8456185460090637
sgd,2026,75,0.8030425906181335,0.4170411229133606,0.665034294128418,0.5191131234169006,0.8439449071884155,0.8077651262283325,0.41719120740890503,0.6652360558509827,0.5535714030265808,0.8455909490585327
sgd,2026,76,0.8040568232536316,0.41690656542778015,0.6710000038146973,0.5129969716072083,0.8445449471473694,0.8077651262283325,0.4168105125427246,0.6652360558509827,0.5535714030265808,0.8459613919258118
sgd,2026,77,0.8024340867996216,0.4208414852619171,0.6637254953384399,0.5175840854644775,0.8413308262825012,0.8077651262283325,0.41698402166366577,0.6638298034667969,0.5571428537368774,0.8458210229873657
sgd,2026,78,0.8052738308906555,0.41563549637794495,0.6692606806755066,0.5259938836097717,0.8456496596336365,0.8087121248245239,0.4168202877044678,0.6666666865348816,0.5571428537368774,0.8459315299987793
sgd,2026,79,0.8036510944366455,0.4191805422306061,0.6676528453826904,0.5175840854644775,0.8430383205413818,0.8077651262283325,0.4171028137207031,0.6652360558509827,0.5535714030265808,0.845733642578125
sgd,2026,80,0.8056795001029968,0.41622045636177063,0.6736111044883728,0.5191131234169006,0.8450762033462524,0.8058711886405945,0.41687971353530884,0.6595744490623474,0.5535714030265808,0.8459223508834839
sgd,2026,81,0.8038539290428162,0.4181441068649292,0.6663414835929871,0.5221712589263916,0.8442869186401367,0.8058711886405945,0.4167456328868866,0.6595744490623474,0.5535714030265808,0.8459384441375732
sgd,2026,82,0.8028397560119629,0.41968321800231934,0.6679999828338623,0.5107033848762512,0.8418972492218018,0.8068181872367859,0.41670018434524536,0.6623931527137756,0.5535714030265808,0.8460396528244019
sgd,2026,83,0.8075050711631775,0.41784703731536865,0.6800401210784912,0.5183486342430115,0.8441060781478882,0.8058711886405945,0.41662880778312683,0.6595744490623474,0.5535714030265808,0.8460856676101685
sgd,2026,84,0.8062880039215088,0.41575148701667786,0.6745796203613281,0.5214067101478577,0.8457286357879639,0.8058711886405945,0.4166675806045532,0.6595744490623474,0.5535714030265808,0.8459867238998413
sgd,2026,85,0.8050709962844849,0.4164169430732727,0.6686102747917175,0.5259938836097717,0.8454815149307251,0.8068181872367859,0.4165756106376648,0.6610169410705566,0.5571428537368774,0.8462743759155273
sgd,2026,86,0.8068965673446655,0.4174842834472656,0.6721469759941101,0.531345546245575,0.8440827131271362,0.8068181872367859,0.4168860614299774,0.6610169410705566,0.5571428537368774,0.8460143804550171
sgd,2026,87,0.8079107403755188,0.41594529151916504,0.6740598082542419,0.5344036817550659,0.8460767269134521,0.8068181872367859,0.416925311088562,0.6610169410705566,0.5571428537368774,0.8458670377731323
sgd,2026,88,0.8097363114356995,0.4140927791595459,0.6835317611694336,0.5267584323883057,0.8477061986923218,0.8068181872367859,0.41698214411735535,0.6610169410705566,0.5571428537368774,0.8457013964653015
sgd,2026,89,0.8032454252243042,0.4175626337528229,0.6663385629653931,0.5175840854644775,0.8440365791320801,0.8049242496490479,0.41690364480018616,0.6567796468734741,0.5535714030265808,0.8457796573638916
sgd,2026,90,0.8038539290428162,0.41489583253860474,0.6644166111946106,0.5267584323883057,0.8463999629020691,0.8049242496490479,0.41683322191238403,0.6567796468734741,0.5535714030265808,0.8461202383041382
sgd,2026,91,0.8030425906181335,0.4208053946495056,0.6643902659416199,0.5206422209739685,0.8422884345054626,0.8058711886405945,0.4166963994503021,0.6595744490623474,0.5535714030265808,0.8461133241653442
sgd,2026,92,0.8075050711631775,0.412026047706604,0.6778988838195801,0.5229358077049255,0.8490207195281982,0.8058711886405945,0.4165675640106201,0.6582278609275818,0.5571428537368774,0.8462352752685547
sgd,2026,93,0.8046653270721436,0.4175282120704651,0.667313277721405,0.5259938836097717,0.8441187739372253,0.8058711886405945,0.4167254865169525,0.6556016802787781,0.5642856955528259,0.846147894859314
sgd,2026,94,0.8050709962844849,0.4190995693206787,0.6673095226287842,0.5290519595146179,0.8420667052268982,0.8077651262283325,0.41668209433555603,0.6624472737312317,0.5607143044471741,0.8460879921913147
sgd,2026,95,0.8028397560119629,0.4164513051509857,0.6640625,0.5198776721954346,0.8452011346817017,0.8077651262283325,0.4168641269207001,0.6624472737312317,0.5607143044471741,0.845901608467102
sgd,2026,96,0.8002028465270996,0.4210115373134613,0.6591132879257202,0.5114678740501404,0.8411383628845215,0.8068181872367859,0.41692057251930237,0.6596638560295105,0.5607143044471741,0.8457658290863037
sgd,2026,97,0.8040568232536316,0.4179295301437378,0.6693069338798523,0.5168195962905884,0.8440462946891785,0.8077651262283325,0.41684815287590027,0.6638298034667969,0.5571428537368774,0.8456852436065674
sgd,2026,98,0.8062880039215088,0.4126966595649719,0.673209011554718,0.5244648456573486,0.8483960032463074,0.8058711886405945,0.41690874099731445,0.6569037437438965,0.5607143044471741,0.8458026647567749
sgd,2026,99,0.8048681616783142,0.41421815752983093,0.6692759394645691,0.5229358077049255,0.8468722105026245,0.8058711886405945,0.4168318212032318,0.6582278609275818,0.5571428537368774,0.84584641456604
sgd,2026,100,0.8054766654968262,0.4144096076488495,0.6695821285247803,0.5267584323883057,0.8470203876495361,0.8068181872367859,0.4167749583721161,0.6610169410705566,0.5571428537368774,0.8454114198684692
sgd,2026,101,0.8048681616783142,0.418503075838089,0.6689453125,0.5237002968788147,0.8440052270889282,0.8068181872367859,0.4167933464050293,0.6610169410705566,0.5571428537368774,0.8458486795425415
sgd,2026,102,0.8081135749816895,0.4161002039909363,0.6817269325256348,0.5191131234169006,0.8453209400177002,0.8068181872367859,0.41691744327545166,0.6610169410705566,0.5571428537368774,0.8458670377731323
